1,—,Dance with Ensemble ,0.209927,142,"Fri, 07 Aug 2015 17:00:44 (-4.8d) "
,,*,,,
2,?20,G & M ,0.212397,102,"Fri, 07 Aug 2015 18:10:40 (-18.1h) "
,,*,,,
3,?2,Transatlantic ,0.213345,168,"Fri, 07 Aug 2015 13:31:36 (-29.7h) "
,,*,,,
4,?5,B & N ,0.213513,84,"Fri, 07 Aug 2015 21:33:28 (-8.3h) "
,,,,,
5,?3,Josef Feigl ,0.213731,8,"Mon, 27 Jul 2015 19:43:39 "
6,?3,Herra Huu ,0.21374,21,"Fri, 31 Jul 2015 17:07:39 (-2.1d) "
7,?3,weimin wang ,0.21425,74,"Wed, 05 Aug 2015 12:49:20 "
8,?16,Matias Thayer ,0.215,48,"Fri, 07 Aug 2015 12:19:31 (-0.1h) "
9,?1,Paf! ,0.215374,66,"Fri, 07 Aug 2015 22:05:34 (-13h) "
,,,,,
10,?4,S & A ,0.215407,105,"Sun, 26 Jul 2015 22:49:01 "
,,,,,
11,?3,Yannick ,0.215501,33,"Sun, 02 Aug 2015 03:04:55 (-0.9h) "
12,?21,nhlx5haze ,0.215554,17,"Fri, 07 Aug 2015 14:05:15 "
13,?3,Patrick Blackwill ,0.215774,66,"Thu, 06 Aug 2015 13:42:19 "
14,?7,Lift Science ,0.215948,60,"Wed, 29 Jul 2015 22:54:03 (-41.9h) "
,,,,,
15,?3,Euclides Filho ,0.216244,120,"Fri, 07 Aug 2015 21:47:43 (-5.1h) "
16,?12,MDT ,0.216762,96,"Fri, 07 Aug 2015 01:32:57 (-33.4h) "
,,,,,
17,new,Sogatsuel ,0.216806,10,"Fri, 07 Aug 2015 20:02:52 "
18,?332,guppi ,0.216851,71,"Fri, 07 Aug 2015 19:36:33 (-2.1d) "
19,?8,OCTO Guys ,0.216969,20,"Sat, 25 Jul 2015 21:41:34 "
,,,,,
20,?7,Hamed ,0.218182,61,"Fri, 07 Aug 2015 15:34:26 (-11.1d) "
21,?7,mandelbrot ,0.218362,38,"Mon, 27 Jul 2015 11:50:01 "
22,?7,Chenglong Chen ,0.218536,30,"Wed, 22 Jul 2015 01:41:06 (-1.2h) "
23,?6,Gen.Y ,0.219068,29,"Tue, 04 Aug 2015 01:26:43 (-8.1d) "
24,?1,random_capivara ,0.219195,121,"Fri, 07 Aug 2015 03:04:30 (-3h) "
,,,,,
25,?7,Yongchan&Gabo ,0.219281,77,"Sun, 26 Jul 2015 21:47:13 "
,,,,,
26,?7,ftl ,0.219284,26,"Mon, 03 Aug 2015 03:01:19 (-5.9d) "
27,?7,aokh89 ,0.219356,71,"Wed, 05 Aug 2015 13:58:01 (-6.1d) "
28,?10,chrisslz ,0.219362,44,"Fri, 07 Aug 2015 19:20:51 (-20.8h) "
29,?6,ReynaldRivière ,0.219545,48,"Wed, 05 Aug 2015 18:35:09 (-23.2h) "
30,?9,jlef ,0.21958,106,"Sat, 01 Aug 2015 09:19:20 (-0h) "
31,?1,nsaha ,0.219798,48,"Thu, 06 Aug 2015 08:44:43 (-12.4h) "
32,?26,eureka ,0.219966,43,"Wed, 05 Aug 2015 23:58:43 (-42h) "
,,,,,
33,?44,Abhishek ,0.220096,42,"Tue, 04 Aug 2015 14:12:29 "
34,?8,Sergey Yurgenson ,0.220312,18,"Sun, 02 Aug 2015 21:43:13 "
35,?15,sunland ,0.220464,39,"Fri, 07 Aug 2015 16:51:09 "
36,?13,Silogram ,0.22066,51,"Fri, 07 Aug 2015 13:57:14 (-1.8h) "
37,?10,Bluefool ,0.220795,63,"Thu, 06 Aug 2015 08:31:58 (-11.4d) "
38,?48,wally ,0.220868,96,"Fri, 07 Aug 2015 22:35:22 "
39,?10,Giovanni ,0.220898,55,"Mon, 03 Aug 2015 21:59:17 (-7.1d) "
40,?10,Jianmin Sun ,0.220901,29,"Mon, 27 Jul 2015 01:47:16 "
41,?10,AlexArgus ,0.221192,34,"Wed, 05 Aug 2015 20:30:02 (-27.8d) "
42,?7,vivi ,0.221413,71,"Fri, 07 Aug 2015 14:02:51 (-3.3d) "
43,?1,catz ,0.221581,59,"Mon, 03 Aug 2015 21:18:19 (-5.4h) "
44,?10,Evgeny Eltyshev (I want to PZAD) ,0.22163,36,"Fri, 31 Jul 2015 21:19:17 (-4.3d) "
45,?20,Stathis Ilonidis ,0.221789,32,"Thu, 06 Aug 2015 19:52:17 "
46,?27,mac475 (????) ,0.221954,95,"Fri, 07 Aug 2015 07:41:48 "
47,?8,Scott Smith ,0.222023,39,"Wed, 05 Aug 2015 21:03:00 "
48,?12,Ivanhoe ,0.222145,26,"Thu, 23 Jul 2015 10:26:17 (-0.1h) "
49,?6,YetiMan ,0.222151,66,"Sun, 02 Aug 2015 02:16:51 (-0.1h) "
50,?11,pco__ ,0.222175,52,"Thu, 06 Aug 2015 18:09:06 (-28.4h) "
51,?14,daniel ,0.222367,34,"Fri, 07 Aug 2015 13:36:41 (-14.7d) "
52,?7,Franc Bra?un ,0.222429,21,"Fri, 07 Aug 2015 10:59:25 (-17.6h) "
53,?5,DanielPace ,0.222464,22,"Fri, 07 Aug 2015 00:02:23 "
54,?105,repopizze ,0.222479,43,"Fri, 07 Aug 2015 21:09:27 "
,,,,,
55,?9,Sergey Tilga (I want to PZAD) ,0.222558,47,"Wed, 05 Aug 2015 13:53:28 (-0.5h) "
56,?16,Victor K ,0.222563,46,"Sun, 02 Aug 2015 15:02:53 (-13.8d) "
57,?16,mind.cool ,0.222572,6,"Wed, 15 Jul 2015 13:34:37 (-32.3h) "
58,new,The Bends ,0.222615,2,"Thu, 06 Aug 2015 17:43:21 "
59,new,Mango ,0.222923,3,"Tue, 04 Aug 2015 10:38:32 "
60,?126,Allmendinger ,0.222935,38,"Thu, 06 Aug 2015 09:36:29 "
61,?17,D & A ,0.222978,54,"Fri, 07 Aug 2015 09:54:08 (-7.1d) "
,,,,,
62,?116,Charles ,0.223125,19,"Thu, 06 Aug 2015 06:13:45 (-3.9d) "
63,?16,Andrey Akhmetov (I want to PZAD) ,0.223456,52,"Fri, 07 Aug 2015 07:52:12 (-8.8d) "
64,?10,Mahi Karim ,0.223517,27,"Fri, 07 Aug 2015 22:37:40 (-6.9d) "
65,?115,D Lyzer ,0.223526,22,"Thu, 06 Aug 2015 22:32:26 "
66,?15,Ali ,0.223535,138,"Thu, 06 Aug 2015 14:56:54 (-41.8h) "
67,?12,Victor Mayrink ,0.223637,51,"Fri, 07 Aug 2015 16:39:34 (-39.8h) "
68,new,dune_dweller ,0.223824,4,"Fri, 07 Aug 2015 18:22:38 "
69,new,Younes ,0.223892,17,"Fri, 07 Aug 2015 20:16:23 (-3.2d) "
70,?18,snow & carl ,0.224079,31,"Tue, 28 Jul 2015 17:57:44 (-41.6h) "
,,,,,
71,?18,VijaySathish ,0.224153,62,"Tue, 28 Jul 2015 17:48:48 "
72,?2,NxGTR ,0.2246,94,"Thu, 06 Aug 2015 07:54:07 (-26.1h) "
73,?17,wlpdlut ,0.224706,65,"Mon, 20 Jul 2015 12:26:32 (-7d) "
74,?182,gooron ,0.224768,34,"Mon, 03 Aug 2015 09:23:26 "
75,?160,SreekanthJujare ,0.224793,33,"Fri, 07 Aug 2015 13:28:15 (-2.7d) "
76,?19,Mechanical Engineers.. ,0.224884,28,"Sun, 02 Aug 2015 14:30:20 (-2.2d) "
,,,,,
77,?157,azml ,0.225114,81,"Fri, 07 Aug 2015 10:46:03 (-3.7d) "
78,?19,omgponies ,0.225116,52,"Fri, 07 Aug 2015 19:51:19 (-9.3d) "
79,?19,Denis Tsitko (I want to PZAD) ,0.22518,74,"Wed, 29 Jul 2015 15:21:27 (-7.1d) "
80,?18,Maryam Teimoori ,0.225252,5,"Mon, 27 Jul 2015 23:13:02 (-0.4h) "
81,?18,DataGeek ,0.225381,35,"Mon, 27 Jul 2015 06:08:34 (-2.4d) "
82,?18,AlexanderWalker ,0.225406,35,"Sat, 01 Aug 2015 03:02:23 (-7.6d) "
83,?17,Jun Hao Ho ,0.225502,31,"Tue, 21 Jul 2015 16:34:04 (-4.4d) "
84,?17,sravn ,0.225937,109,"Mon, 03 Aug 2015 06:32:38 (-8.9d) "
85,?17,Josh Stone ,0.226019,20,"Thu, 16 Jul 2015 03:46:53 (-9.9d) "
86,?17,??????? ,0.22602,99,"Tue, 04 Aug 2015 06:17:27 (-0.1h) "
87,?17,You have no chance to survive make your time. ,0.226054,65,"Fri, 07 Aug 2015 17:37:03 "
88,new,maglas ,0.22611,9,"Fri, 07 Aug 2015 09:16:50 (-0.5h) "
89,?18,themasterofrobots ,0.226133,68,"Tue, 04 Aug 2015 17:25:36 (-4.8d) "
90,?18,Phillip Chilton Adkins ,0.226231,3,"Tue, 14 Jul 2015 03:14:32 "
91,?17,Wei Wu ,0.226301,80,"Fri, 07 Aug 2015 23:08:46 (-24.5h) "
92,?17,corbetew ,0.226379,13,"Sat, 01 Aug 2015 00:34:58 (-23.5h) "
93,?17,Patrick Chan ,0.226395,83,"Tue, 04 Aug 2015 10:44:57 (-0h) "
94,?16,jpopham91 ,0.22642,51,"Wed, 15 Jul 2015 23:30:21 (-0.1h) "
95,?16,Vincent Firmansyah ,0.226467,56,"Tue, 04 Aug 2015 15:34:31 (-4d) "
96,?16,anoosh ,0.226471,22,"Wed, 05 Aug 2015 21:20:11 (-9d) "
97,?15,Adam W ,0.22653,75,"Thu, 06 Aug 2015 11:39:17 "
98,?17,Vladimir Larin ,0.226585,32,"Wed, 29 Jul 2015 13:09:57 (-3.8d) "
99,?373,Evdilos_Ikaria ,0.226843,100,"Fri, 07 Aug 2015 16:22:04 (-2.2d) "
100,new,krishna ,0.226882,10,"Tue, 04 Aug 2015 02:51:57 (-3.1h) "
101,?13,Mathn ,0.226968,25,"Tue, 04 Aug 2015 14:07:52 "
102,?19,Luis Andre Dutra e Silva ,0.226989,47,"Tue, 14 Jul 2015 02:12:53 (-24.8h) "
103,?19,JeffH ,0.227007,16,"Thu, 23 Jul 2015 22:38:16 "
104,?8,clustifier ,0.22718,33,"Wed, 05 Aug 2015 23:12:00 (-0h) "
105,?20,Invati Ram ,0.227216,60,"Thu, 06 Aug 2015 07:02:05 (-8d) "
106,?19,shail ,0.227306,7,"Sat, 25 Jul 2015 01:10:59 (-2.3d) "
107,?19,gregl ,0.227339,16,"Sun, 12 Jul 2015 13:51:00 "
108,?19,Emilio Simoni ,0.227389,59,"Fri, 07 Aug 2015 16:53:36 (-14.9d) "
109,?19,anton ,0.227513,79,"Wed, 29 Jul 2015 00:02:41 (-41.6h) "
110,?19,AghilRS ,0.227596,9,"Fri, 24 Jul 2015 04:23:37 (-12.2h) "
111,?19,Konstantina ,0.227621,25,"Sun, 26 Jul 2015 16:42:30 (-9.8d) "
112,?12,chenhan zhang ,0.227654,47,"Thu, 06 Aug 2015 07:37:59 "
113,?20,Gino ,0.227694,16,"Thu, 23 Jul 2015 03:42:29 (-0h) "
114,?20,platonic ,0.227718,35,"Mon, 27 Jul 2015 09:38:06 "
115,?32,Gerome Pistre ,0.227941,61,"Fri, 07 Aug 2015 11:23:19 (-5.2d) "
116,?21,Yashwanth Reddy ,0.227957,41,"Wed, 22 Jul 2015 13:26:58 (-32h) "
117,?345,CDIPS2015_CAT ,0.227959,21,"Fri, 07 Aug 2015 23:09:03 "
,,,,,
Your Best Entry ?,,,,,
,,,,,
You improved on your best score by 0.000894.,,,,,
You just moved up 120 positions on the leaderboard. ,,,,,
Tweet this!,,,,,
118,?107,Citril ,0.228038,48,"Thu, 06 Aug 2015 22:57:02 (-45.8h) "
119,?22,grizzli3k ,0.22815,21,"Mon, 27 Jul 2015 22:26:24 "
120,?22,DSXL ,0.228153,13,"Mon, 27 Jul 2015 08:18:05 "
121,?22,vbk ,0.228196,65,"Thu, 30 Jul 2015 13:26:26 (-2.8d) "
122,?136,Richard Hunt ,0.228249,38,"Fri, 07 Aug 2015 21:47:40 "
123,?54,SVJ24 ,0.228412,14,"Tue, 04 Aug 2015 08:09:59 "
124,?479,David Low ,0.22852,9,"Wed, 05 Aug 2015 15:30:47 "
125,?16,Fernando Constantino ,0.228562,36,"Tue, 04 Aug 2015 10:28:06 "
126,?141,Brian Bai ,0.228588,11,"Fri, 07 Aug 2015 14:57:53 "
127,?21,dakindia ,0.22859,32,"Fri, 07 Aug 2015 18:50:24 (-0.2h) "
128,?25,Jose Jimenez ,0.22859,70,"Tue, 04 Aug 2015 07:42:09 (-0h) "
129,?35,muhubby1 ,0.228602,13,"Fri, 07 Aug 2015 18:23:30 "
130,?18,Kumaresh ,0.228602,44,"Fri, 07 Aug 2015 02:18:21 (-3h) "
131,?14,krishnateja ,0.228602,19,"Thu, 06 Aug 2015 23:26:29 "
132,new,asdfghjk ,0.228602,5,"Fri, 07 Aug 2015 00:16:38 (-0.4h) "
133,?14,Gregory Demin ,0.228602,6,"Fri, 07 Aug 2015 00:06:41 "
134,?14,lancerts ,0.228602,20,"Fri, 07 Aug 2015 02:11:00 "
135,?22,test ,0.228602,15,"Fri, 07 Aug 2015 02:17:54 "
136,?6,Damian Mingle ,0.228602,4,"Fri, 07 Aug 2015 02:54:30 "
137,?7,Nilotpal Sinha ,0.228602,19,"Fri, 07 Aug 2015 04:23:19 (-1.1h) "
138,?73,thedoctor46 ,0.228602,3,"Fri, 07 Aug 2015 04:10:29 "
139,new,ZX ,0.228602,20,"Fri, 07 Aug 2015 06:44:45 (-2.4h) "
140,new,nkhuyu ,0.228602,1,"Fri, 07 Aug 2015 04:48:58 "
141,?18,Subhajit Mandal ,0.228602,37,"Fri, 07 Aug 2015 04:51:58 "
142,?27,karanamsairaviteja ,0.228602,39,"Fri, 07 Aug 2015 05:08:32 "
143,?8,Obel ,0.228602,10,"Fri, 07 Aug 2015 14:02:27 (-7.5h) "
144,?34,DL ,0.228602,5,"Fri, 07 Aug 2015 07:35:50 "
145,?53,Sadegh ,0.228602,13,"Fri, 07 Aug 2015 08:43:34 "
146,?259,Ginga Yoshizawa ,0.228602,14,"Fri, 07 Aug 2015 13:06:25 (-1.2h) "
147,?54,Malai ,0.228602,2,"Fri, 07 Aug 2015 12:05:41 "
148,?30,Philippe Lonjoux ,0.228602,44,"Fri, 07 Aug 2015 13:04:25 "
149,?292,Bonferroni27 ,0.228602,3,"Fri, 07 Aug 2015 13:40:25 "
150,?28,Kirubakumaresh ,0.228602,4,"Fri, 07 Aug 2015 16:53:37 "
151,?14,iron0012 ,0.228602,7,"Fri, 07 Aug 2015 18:43:34 "
152,?306,Akila Wajirasena ,0.228602,3,"Fri, 07 Aug 2015 18:57:11 "
153,?71,cud155 ,0.228602,43,"Fri, 07 Aug 2015 22:47:10 "
154,?49,A-Team ,0.228602,87,"Fri, 07 Aug 2015 14:07:25 (-0.7h) "
155,?7,BMadhuparna ,0.228602,23,"Fri, 07 Aug 2015 18:47:09 (-5.9h) "
156,?84,Mujtaba Hasan ,0.228609,30,"Wed, 05 Aug 2015 19:42:09 "
157,?56,ChipMonkey ,0.228612,3,"Mon, 27 Jul 2015 17:53:02 "
158,?56,Alexander Larko ,0.228618,11,"Thu, 06 Aug 2015 04:54:37 "
159,?8,Anjana Agrawal ,0.228624,57,"Thu, 06 Aug 2015 13:22:09 (-2.9d) "
160,?8,Anjali Gupta Arya ,0.228624,6,"Tue, 04 Aug 2015 05:23:55 (-0.1h) "
161,new,jman ,0.228624,2,"Wed, 05 Aug 2015 07:40:40 (-0h) "
162,?9,Evilbot ,0.228624,30,"Fri, 07 Aug 2015 04:20:40 (-3.6d) "
163,?5,ITankoyeu ,0.228624,5,"Mon, 03 Aug 2015 14:20:09 "
164,?42,vettipaiyan ,0.228624,6,"Mon, 03 Aug 2015 16:11:29 "
165,?44,Gurupad S. Hegde ,0.228624,31,"Mon, 03 Aug 2015 17:19:40 "
166,new,Scirpus ,0.228624,12,"Thu, 06 Aug 2015 10:20:06 (-2.7d) "
167,?344,alex ,0.228624,25,"Mon, 03 Aug 2015 18:50:22 "
168,?147,stLone ,0.228624,27,"Fri, 07 Aug 2015 02:24:22 (-3.2d) "
169,new,rerun ,0.228624,1,"Tue, 04 Aug 2015 01:00:55 "
170,?44,Scott Carmack ,0.228624,34,"Tue, 04 Aug 2015 04:08:14 "
171,?16,nanoData ,0.228624,6,"Tue, 04 Aug 2015 06:21:31 "
172,?376,Purfvfet ,0.228624,3,"Tue, 04 Aug 2015 07:23:53 "
173,?29,rilut ,0.228624,12,"Tue, 04 Aug 2015 09:43:03 "
174,?71,Olalekan ,0.228624,8,"Tue, 04 Aug 2015 12:59:30 (-0.7h) "
175,?267,Stefanie Anderson ,0.228624,2,"Tue, 04 Aug 2015 16:05:18 "
176,new,Ivan Bagaev ,0.228624,1,"Tue, 04 Aug 2015 16:42:42 "
177,?20,Priyansu ,0.228624,21,"Tue, 04 Aug 2015 18:28:04 "
178,?32,Alexandros ,0.228624,9,"Tue, 04 Aug 2015 20:49:10 "
179,?21,Ayman Khalafallah ,0.228624,6,"Tue, 04 Aug 2015 21:12:21 "
180,?828,Inder ,0.228624,6,"Tue, 04 Aug 2015 21:42:57 (-0.5h) "
181,?41,sidb ,0.228624,6,"Wed, 05 Aug 2015 01:09:11 "
182,?49,Boris Shminke ,0.228624,7,"Wed, 05 Aug 2015 06:46:47 "
183,?329,OverfitterScientist ,0.228624,3,"Thu, 06 Aug 2015 23:54:21 (-34.8h) "
184,?139,Mat ,0.228624,6,"Wed, 05 Aug 2015 13:42:52 "
185,?101,Sensei and boatowners ,0.228624,11,"Wed, 05 Aug 2015 18:32:39 "
,,,,,
186,?45,/r/datascience ,0.228624,20,"Wed, 05 Aug 2015 23:28:53 "
,,,,,
187,new,Dowakin ,0.228624,1,"Wed, 05 Aug 2015 23:51:37 "
188,?64,CodeBender ,0.228624,49,"Thu, 06 Aug 2015 04:43:29 "
189,new,bigO ,0.228624,4,"Thu, 06 Aug 2015 10:17:58 "
190,?54,hMnshu ,0.228624,6,"Thu, 06 Aug 2015 10:21:15 "
191,?19,udit saini ,0.228624,24,"Thu, 06 Aug 2015 10:48:59 (-0h) "
192,?4,RKR ,0.228624,19,"Thu, 06 Aug 2015 21:42:44 "
193,new,Dmitry Larko ,0.228624,1,"Thu, 06 Aug 2015 22:49:24 "
194,?44,ehk116 ,0.228635,19,"Tue, 04 Aug 2015 14:04:08 (-0h) "
195,?57,Chippy ,0.228643,23,"Thu, 06 Aug 2015 22:18:27 "
196,?89,Olivier ,0.228684,16,"Thu, 30 Jul 2015 14:06:32 (-2.1d) "
197,?89,harjeet ,0.228684,5,"Fri, 31 Jul 2015 15:55:34 "
198,?87,Pinak Panigrahi ,0.228697,56,"Wed, 29 Jul 2015 04:30:37 "
199,?83,Willie Liao ,0.228697,5,"Sun, 26 Jul 2015 07:20:35 "
200,?75,lcl ,0.228697,7,"Sun, 26 Jul 2015 21:40:42 "
201,?74,Evgenii Nesterenko ,0.228697,7,"Tue, 28 Jul 2015 02:50:02 (-21.9h) "
202,?74,noobhound ,0.228697,38,"Mon, 27 Jul 2015 06:08:11 "
203,?74,Hassan Ghozlan ,0.228697,18,"Mon, 27 Jul 2015 06:12:38 "
204,?74,ibra ,0.228697,23,"Mon, 27 Jul 2015 06:18:23 "
205,?74,Attila Balogh ,0.228697,21,"Mon, 27 Jul 2015 09:18:21 "
206,?74,?????? ,0.228697,9,"Mon, 27 Jul 2015 09:58:33 "
207,?73,Sergei Bugrov ,0.228697,21,"Mon, 27 Jul 2015 11:13:03 "
208,?70,lnicalo ,0.228697,2,"Mon, 27 Jul 2015 20:32:36 "
209,?70,Harshaneel Gokhale ,0.228697,7,"Tue, 28 Jul 2015 00:18:05 "
210,?70,Max ,0.228697,14,"Tue, 28 Jul 2015 01:57:37 (-0.1h) "
211,?68,nopq ,0.228697,19,"Fri, 07 Aug 2015 09:34:44 (-10.2d) "
212,?67,philL ,0.228697,10,"Tue, 28 Jul 2015 11:18:19 "
213,?65,Matt 2 ,0.228697,1,"Wed, 29 Jul 2015 09:18:02 "
214,?65,datayo ,0.228697,1,"Wed, 29 Jul 2015 09:31:53 "
215,?65,amoyakd ,0.228697,7,"Wed, 29 Jul 2015 11:28:40 "
216,?65,Carlos J ,0.228697,18,"Wed, 29 Jul 2015 12:16:49 "
217,?65,Brad Dixon ,0.228697,24,"Mon, 03 Aug 2015 14:57:27 (-5d) "
218,?65,U023 ,0.228697,1,"Wed, 29 Jul 2015 22:18:50 "
219,?65,Nikesh Bajaj ,0.228697,2,"Wed, 29 Jul 2015 22:26:26 "
220,?64,Udaya Bhanu ,0.228697,41,"Thu, 30 Jul 2015 04:49:26 "
221,?64,Weipeng Zhang ,0.228697,3,"Thu, 30 Jul 2015 06:57:30 "
222,?62,Furious Panda ,0.228697,15,"Wed, 05 Aug 2015 18:11:47 (-5.8d) "
,,,,,
223,?62,??????? ,0.228697,19,"Thu, 30 Jul 2015 22:21:44 "
224,?61,Zichen Wang ,0.228697,12,"Fri, 31 Jul 2015 11:04:28 "
225,?60,Janek ,0.228697,10,"Fri, 31 Jul 2015 12:27:27 "
226,?60,Phil Culliton ,0.228697,15,"Sun, 02 Aug 2015 21:04:52 (-46.3h) "
227,?219,Strawberry_Field ,0.228697,5,"Thu, 06 Aug 2015 20:36:20 (-5d) "
228,new,Elijah Paling ,0.228697,1,"Sun, 02 Aug 2015 10:07:40 "
229,new,Mostafa ,0.228697,3,"Sun, 02 Aug 2015 11:32:06 "
230,?35,Thomas Jungblut ,0.228697,10,"Sun, 02 Aug 2015 20:04:54 "
231,?62,cydonia ,0.228699,2,"Mon, 27 Jul 2015 22:11:42 "
232,?62,Shubin ,0.228699,11,"Sat, 01 Aug 2015 19:07:23 (-3.6d) "
233,?60,ask788 ,0.228699,1,"Thu, 30 Jul 2015 15:27:12 "
234,?60,Charlotte Bourne ,0.228787,26,"Mon, 27 Jul 2015 00:10:05 "
235,?44,Santanu ,0.228828,113,"Wed, 05 Aug 2015 01:58:58 (-0.4h) "
236,?60,monkeytater ,0.228836,51,"Mon, 03 Aug 2015 17:59:08 (-0.3h) "
237,?62,Krishna Chaitanya ,0.228849,26,"Mon, 13 Jul 2015 03:28:49 "
,,,,,
238,?57,pseud0nym ,0.228926,50,"Mon, 03 Aug 2015 21:05:37 (-0.1h) "
239,?60,arnaud demytt ,0.228936,12,"Tue, 21 Jul 2015 21:39:04 "
240,?19,secauvr ,0.228949,7,"Fri, 07 Aug 2015 18:18:21 (-4.7h) "
241,?59,Adi ,0.229105,3,"Sat, 25 Jul 2015 00:16:37 "
242,?59,sarah ,0.229168,2,"Sat, 25 Jul 2015 22:00:29 "
243,?59,Tanay ,0.229168,57,"Thu, 30 Jul 2015 22:22:25 (-2.3d) "
244,?59,Aditya Challa ,0.229168,21,"Fri, 07 Aug 2015 01:50:58 (-6.3d) "
245,?58,pastor_TT ,0.229332,26,"Tue, 21 Jul 2015 12:00:28 (-26.3h) "
246,?58,achm ,0.229354,31,"Fri, 07 Aug 2015 01:01:29 (-17.9d) "
247,?58,gingerman ,0.229355,36,"Sat, 18 Jul 2015 06:12:59 "
248,?58,ROINdatageeks ,0.229414,105,"Fri, 07 Aug 2015 14:50:23 (-15.3d) "
,,,,,
249,?57,gbakie ,0.229445,12,"Wed, 29 Jul 2015 03:11:32 (-0.1h) "
250,new,?eduljko ,0.229453,6,"Fri, 07 Aug 2015 07:34:07 (-18.3h) "
251,?58,Kranthineo92 ,0.2295,36,"Fri, 07 Aug 2015 08:35:07 (-9.4d) "
252,?58,Pan Tofelek ,0.229534,39,"Fri, 07 Aug 2015 00:26:47 (-16.3d) "
253,?54,Sathish.S ,0.229534,4,"Thu, 23 Jul 2015 09:57:00 "
254,?51,victor_cantor ,0.229534,37,"Mon, 03 Aug 2015 06:23:17 (-9.9d) "
255,?51,Harshal ,0.229534,6,"Fri, 24 Jul 2015 09:02:16 "
256,?51,Dreamastiy ,0.229534,16,"Fri, 24 Jul 2015 10:50:28 "
257,?50,Timmy Shen ,0.229534,5,"Fri, 24 Jul 2015 21:55:45 "
258,?50,Rahul Gupta ,0.229534,1,"Sat, 25 Jul 2015 14:18:08 "
259,?50,????? ????????? (I want to PZAD) ,0.229534,2,"Sat, 25 Jul 2015 16:50:59 "
260,?50,Chris Maki ,0.229534,1,"Sat, 25 Jul 2015 19:33:18 "
261,?49,Tetsuro Tayama ,0.22954,11,"Fri, 07 Aug 2015 21:26:55 (-16.1d) "
262,?49,Harbet Fastro ,0.229599,12,"Mon, 20 Jul 2015 00:48:50 (-0.2h) "
263,?49,Upul Bandara ,0.229599,5,"Mon, 20 Jul 2015 04:18:08 (-0h) "
264,?49,Chitrasen ,0.229599,5,"Wed, 22 Jul 2015 03:03:29 (-38.1h) "
265,?49,SkyLibrary ,0.229599,3,"Mon, 20 Jul 2015 19:01:33 "
266,?49,Signipinnis ,0.229599,10,"Tue, 21 Jul 2015 04:06:27 "
267,?49,Dimos Kapetis ,0.229599,31,"Wed, 29 Jul 2015 07:26:42 (-7.8d) "
268,?49,Chang Gao ,0.229599,24,"Thu, 23 Jul 2015 07:15:46 (-0.8h) "
269,?49,Artem Antipov ,0.229643,56,"Thu, 23 Jul 2015 21:11:18 (-2.6d) "
270,?221,Manan ,0.229731,5,"Tue, 04 Aug 2015 19:11:22 "
271,?48,Jens Hemelaer ,0.229865,15,"Sat, 25 Jul 2015 20:35:41 (-3.3h) "
272,?46,threecourse ,0.229968,37,"Sun, 02 Aug 2015 06:20:27 "
273,?534,Vladimir ,0.230154,19,"Fri, 07 Aug 2015 07:27:42 "
274,?10,ugurcaliskan ,0.230286,30,"Thu, 06 Aug 2015 14:23:19 (-0.1h) "
275,?48,Raphael CHARRIEZ ,0.230556,29,"Fri, 17 Jul 2015 13:38:48 (-5.2h) "
276,?48,Dandy ,0.230578,5,"Thu, 16 Jul 2015 21:14:16 "
277,?35,yifan xie ,0.230619,18,"Wed, 05 Aug 2015 22:16:15 (-0.2h) "
278,?49,Peadar Coyle ,0.230703,52,"Tue, 04 Aug 2015 20:45:53 (-7.9d) "
279,?49,YaTa ,0.230746,1,"Tue, 21 Jul 2015 04:51:33 "
280,?41,SilverStone ,0.230789,31,"Wed, 05 Aug 2015 06:01:11 (-0.7h) "
281,?50,ZHAN ,0.23079,50,"Fri, 07 Aug 2015 16:20:19 (-18.6d) "
282,new,Daniel Adornes ,0.230808,1,"Thu, 06 Aug 2015 05:38:13 "
283,?51,Cydal ,0.230811,29,"Wed, 05 Aug 2015 18:18:15 (-8d) "
284,?51,vipito ,0.230944,13,"Mon, 27 Jul 2015 17:19:32 "
285,new,IshanAntony ,0.231166,1,"Tue, 04 Aug 2015 02:29:05 "
286,?50,nanjunxiao ,0.23122,33,"Tue, 28 Jul 2015 17:00:55 "
287,?50,Sriram Rajendiran ,0.231223,5,"Wed, 29 Jul 2015 10:45:53 "
288,new,Isakov ,0.231223,7,"Sun, 02 Aug 2015 00:12:03 "
289,?390,AndrewH ,0.231238,26,"Fri, 07 Aug 2015 19:15:21 (-1.6h) "
290,?293,dsteiner ,0.231403,37,"Fri, 07 Aug 2015 04:47:31 (-23.1h) "
291,?50,Alain Chau ,0.231557,16,"Thu, 30 Jul 2015 06:58:13 (-4.5h) "
292,?49,Tarun ,0.231652,1,"Tue, 14 Jul 2015 06:03:27 "
293,?49,namir_K ,0.231652,21,"Tue, 14 Jul 2015 18:39:44 "
294,?48,Yogesh Pargaien ,0.231652,5,"Thu, 16 Jul 2015 15:11:38 (-21.8h) "
295,?48,Andrew Matteson ,0.231652,29,"Wed, 15 Jul 2015 21:52:51 (-0.1h) "
296,?48,A. Si ,0.231652,3,"Mon, 27 Jul 2015 23:57:32 (-11d) "
297,?48,rabish kumar ,0.231652,15,"Fri, 17 Jul 2015 19:19:46 "
298,?48,Drendar ,0.231652,1,"Sat, 18 Jul 2015 11:44:38 "
299,?48,zacks ,0.231663,13,"Fri, 17 Jul 2015 03:55:03 "
300,?47,queise ,0.231673,5,"Fri, 17 Jul 2015 16:59:00 "
301,?47,Alice and the Hookah ,0.231825,4,"Mon, 13 Jul 2015 19:33:33 "
302,?47,3+me ,0.231908,5,"Tue, 14 Jul 2015 17:51:39 (-0.1h) "
303,new,LakeZhang ,0.231922,4,"Sat, 01 Aug 2015 17:17:06 (-4.3h) "
304,new,XuKeleUPMC ,0.231993,10,"Thu, 06 Aug 2015 14:27:48 (-17.9h) "
305,?48,BountyHunter ,0.232107,27,"Tue, 21 Jul 2015 17:04:24 (-6.6d) "
306,?3,Topspin ,0.232551,13,"Mon, 03 Aug 2015 20:49:34 (-1.4h) "
307,?582,Here to discover ,0.232639,28,"Fri, 07 Aug 2015 17:33:53 "
308,?49,eugeneyan ,0.232678,5,"Wed, 29 Jul 2015 12:42:45 (-0.4h) "
309,?49,marbel ,0.23276,25,"Thu, 06 Aug 2015 02:00:44 (-6d) "
310,?49,Surya ,0.232936,16,"Wed, 29 Jul 2015 22:02:17 (-19.4h) "
311,?49,delijati ,0.233143,15,"Sat, 25 Jul 2015 21:46:28 (-9.3h) "
312,?49,morpheushoc ,0.2332,28,"Sun, 19 Jul 2015 20:13:07 "
313,?292,y ,0.233387,3,"Mon, 03 Aug 2015 10:51:32 "
314,?399,Bogomolov Andrey ,0.233472,7,"Wed, 05 Aug 2015 23:45:23 "
315,?28,Antony/Farouk ,0.233842,31,"Fri, 07 Aug 2015 11:59:11 (-37.1h) "
,,,,,
316,?51,Pierre Gutierrez ,0.233921,20,"Wed, 29 Jul 2015 21:29:59 (-3.2h) "
317,?51,slowbull ,0.234015,30,"Mon, 03 Aug 2015 15:45:02 (-16.4d) "
318,?50,Derkanat ,0.234463,43,"Thu, 23 Jul 2015 13:39:27 (-42.9h) "
319,?48,Philosopher ,0.234489,15,"Sat, 01 Aug 2015 14:32:40 (-0h) "
320,?158,ercfermi ,0.234489,4,"Tue, 04 Aug 2015 16:16:05 "
321,?52,Satyasheel ,0.234536,32,"Mon, 27 Jul 2015 11:05:53 (-14.1d) "
322,?52,Nemesis ,0.234536,1,"Mon, 13 Jul 2015 14:21:57 "
323,?51,AntFil ,0.235012,15,"Fri, 17 Jul 2015 12:12:19 (-20.3h) "
324,?51,"jason, min ",0.235191,1,"Mon, 13 Jul 2015 11:33:55 "
325,?228,Luis Torres ,0.235197,15,"Wed, 05 Aug 2015 19:55:16 (-18.7h) "
326,?407,Sun'sOutFun'sOut ,0.235203,4,"Sun, 02 Aug 2015 12:58:19 "
327,?53,Alvah ,0.235292,7,"Tue, 07 Jul 2015 14:09:56 (-13h) "
328,?53,robbymeals ,0.235333,3,"Sun, 12 Jul 2015 03:21:29 "
329,?53,J Trotman ,0.235605,7,"Fri, 17 Jul 2015 10:51:30 "
330,?324,Reevok ,0.235748,22,"Thu, 06 Aug 2015 12:50:36 (-2.1d) "
331,?54,Patrick Miller ,0.235838,15,"Mon, 27 Jul 2015 18:49:28 "
332,?54,iwontbecreative ,0.23621,39,"Sun, 19 Jul 2015 16:16:43 "
333,?54,Döme Geszler ,0.236368,16,"Wed, 29 Jul 2015 07:41:46 (-2d) "
334,?54,Ryan Sun ,0.236584,3,"Sun, 12 Jul 2015 15:06:49 (-0.4h) "
335,?54,bBananas ,0.236691,12,"Wed, 29 Jul 2015 02:30:36 (-3.3d) "
336,?54,Flan ,0.236746,17,"Tue, 28 Jul 2015 19:03:35 (-2.4d) "
,,,,,
337,?54,StatCrash ,0.236875,24,"Thu, 30 Jul 2015 20:31:36 (-16h) "
338,?54,zenon ,0.236882,1,"Sun, 12 Jul 2015 10:39:07 "
339,?54,Rajiv Shah ,0.236907,6,"Sun, 12 Jul 2015 04:12:45 "
340,?52,serkh ,0.237137,14,"Fri, 17 Jul 2015 05:45:37 "
341,?52,Julien ,0.237249,20,"Wed, 05 Aug 2015 16:31:08 (-16.2d) "
342,?232,KGFeMan ,0.237357,24,"Fri, 07 Aug 2015 13:24:22 (-32.7h) "
343,?53,Zhijie Xie (Shieh) ,0.237416,30,"Tue, 14 Jul 2015 06:36:03 (-21h) "
344,?510,ORTEAM ,0.237445,14,"Tue, 04 Aug 2015 04:03:53 "
,,,,,
345,?218,amihali3 ,0.237497,13,"Fri, 07 Aug 2015 03:29:21 (-0.2h) "
346,?55,nicky ,0.237609,11,"Tue, 21 Jul 2015 12:55:54 (-0.5h) "
347,?55,alc1 ,0.237648,20,"Wed, 29 Jul 2015 13:13:57 (-11.8d) "
348,?55,Maxim Kharchenko (I want to PZAD) ,0.237856,14,"Sun, 26 Jul 2015 13:09:54 (-1.9h) "
349,?353,Glen ,0.237941,7,"Fri, 07 Aug 2015 00:58:05 "
350,new,Srikanth Iyer ,0.238653,25,"Fri, 07 Aug 2015 00:32:40 (-27.3h) "
351,new,Abhishek Sharma ,0.238653,5,"Thu, 06 Aug 2015 17:57:53 (-1h) "
352,?51,wave ,0.238657,33,"Sat, 01 Aug 2015 19:35:45 (-16.4h) "
353,?59,grapefroot(I want to PZAD) ,0.238717,4,"Sat, 25 Jul 2015 16:42:21 "
354,?59,Mobius ,0.238803,8,"Mon, 27 Jul 2015 13:50:35 (-10.6d) "
355,new,R. ,0.239035,26,"Fri, 07 Aug 2015 03:50:59 (-1.7h) "
356,?60,MightyS ,0.239121,7,"Sat, 18 Jul 2015 11:39:51 (-3.6d) "
357,?60,tuomas_s ,0.23917,39,"Thu, 23 Jul 2015 08:29:42 (-13d) "
358,?59,Bruno16 ,0.239249,18,"Thu, 06 Aug 2015 21:07:28 (-5.1d) "
359,?61,wacax ,0.23928,25,"Sat, 01 Aug 2015 01:35:44 (-2.1d) "
360,?60,Patrick Zheng ,0.23938,2,"Fri, 31 Jul 2015 07:29:41 "
361,?59,The Mongooses ,0.239545,62,"Fri, 07 Aug 2015 03:52:58 (-6.3d) "
,,,,,
362,?16,Beluga ,0.239589,16,"Wed, 05 Aug 2015 20:17:17 "
363,?59,_com_ ,0.240429,8,"Thu, 09 Jul 2015 22:50:08 "
364,?59,tmj1 ,0.240464,12,"Fri, 10 Jul 2015 00:10:53 (-23.9h) "
365,?59,razgon ,0.240514,22,"Fri, 31 Jul 2015 09:12:29 (-15.9d) "
366,?59,gk ,0.24069,9,"Sat, 11 Jul 2015 16:15:35 "
367,new,bell ,0.240883,3,"Thu, 06 Aug 2015 06:40:07 "
368,?60,Parkinson Zabelin ,0.241142,56,"Wed, 29 Jul 2015 09:35:41 (-28.7h) "
369,?60,Jakshere ,0.241227,14,"Wed, 22 Jul 2015 05:06:31 (-7.4d) "
370,?57,Devin ,0.241346,6,"Sun, 02 Aug 2015 20:10:51 (-0.1h) "
371,?61,dchris ,0.241494,8,"Fri, 17 Jul 2015 09:19:09 (-1.1h) "
372,?56,GeneWalsh ,0.242031,37,"Sat, 01 Aug 2015 16:23:48 "
373,?62,CucaSF ,0.242075,15,"Thu, 06 Aug 2015 01:05:53 (-13.1d) "
374,?62,Aleksei Tiulpin ,0.242232,9,"Thu, 06 Aug 2015 12:40:27 (-7.6d) "
375,?61,cipher ,0.242283,23,"Sun, 02 Aug 2015 20:07:19 (-14.6d) "
376,?59,naingenieu ,0.242603,1,"Thu, 16 Jul 2015 08:24:42 "
377,?22,preetam ,0.242619,23,"Tue, 04 Aug 2015 03:43:13 (-1h) "
378,?60,Anilkumar Panda ,0.242623,5,"Sun, 12 Jul 2015 08:04:34 "
379,?60,Khaleesi ,0.242842,6,"Fri, 03 Jul 2015 09:09:30 "
380,?60,Jimmy008 ,0.243227,36,"Thu, 16 Jul 2015 13:56:21 "
381,?60,CodingNeo ,0.243269,6,"Fri, 17 Jul 2015 16:21:51 "
382,?60,The experts. ,0.243552,3,"Fri, 17 Jul 2015 13:37:28 "
,,,,,
383,?59,jk4575 ,0.243919,8,"Mon, 20 Jul 2015 01:56:46 "
384,?59,Put this in your pipe and smoke it... ,0.244068,11,"Thu, 02 Jul 2015 11:38:24 "
,,,,,
385,?59,Guilherme Pellegrini ,0.244218,16,"Mon, 20 Jul 2015 19:03:24 (-14.6d) "
386,?59,Arnav Sharma ,0.244218,41,"Mon, 13 Jul 2015 09:20:46 (-43.2h) "
387,?59,Amundsen ,0.244336,6,"Mon, 06 Jul 2015 07:57:05 (-9.6h) "
388,?59,treez ,0.244456,12,"Tue, 28 Jul 2015 19:30:17 (-4h) "
389,?59,Levi Self ,0.244501,9,"Tue, 04 Aug 2015 16:15:06 (-23.7d) "
390,?59,Alexander Schäfer ,0.244703,1,"Thu, 23 Jul 2015 14:33:01 "
391,?215,Oleg Shyshkov ,0.244907,11,"Fri, 07 Aug 2015 21:32:01 "
392,?60,smilesun ,0.24495,5,"Thu, 02 Jul 2015 17:56:18 "
393,?60,sparc ,0.245059,16,"Sun, 19 Jul 2015 13:56:54 (-2.8d) "
394,new,skroth ,0.245145,2,"Sun, 02 Aug 2015 21:24:17 (-0h) "
395,?61,Richard Giles ,0.245225,14,"Sun, 02 Aug 2015 02:25:35 (-6.4d) "
396,?61,showletter ,0.2453,22,"Mon, 06 Jul 2015 23:29:58 (-2.6d) "
397,?61,fdeantoni ,0.245312,26,"Tue, 21 Jul 2015 05:46:34 "
398,?61,Michael Pawlus ,0.245996,34,"Thu, 30 Jul 2015 18:54:02 "
399,?61,Anthony Bell ,0.246124,7,"Wed, 22 Jul 2015 11:19:57 (-17h) "
400,?61,JC ,0.246365,10,"Wed, 15 Jul 2015 16:46:13 (-20.1h) "
401,?61,Ankur Verma ,0.246622,46,"Fri, 24 Jul 2015 18:32:31 (-12.7h) "
402,?165,WiseAthena.com ,0.246645,7,"Fri, 07 Aug 2015 11:42:52 (-0.6h) "
403,new,squ!d ,0.247209,6,"Fri, 07 Aug 2015 19:18:29 (-0.5h) "
404,?63,Godbert ,0.247233,18,"Sat, 25 Jul 2015 15:26:51 "
405,?63,ShivaVuyyuru ,0.247288,9,"Mon, 27 Jul 2015 09:08:11 (-2.7d) "
406,?63,Nicked ,0.247689,6,"Tue, 04 Aug 2015 09:07:24 (-18.6d) "
407,?63,Pierre-Chaville ,0.247695,23,"Sun, 02 Aug 2015 09:14:15 (-2.6d) "
408,?63,Vishwanathan Raman ,0.247812,89,"Fri, 07 Aug 2015 10:16:33 (-13.8d) "
409,?63,sorpmaL ,0.247838,23,"Mon, 03 Aug 2015 17:12:51 (-3.9d) "
410,?30,mrjim ,0.24802,14,"Fri, 07 Aug 2015 02:38:44 (-25.8h) "
411,?64,bernatcp ,0.248075,61,"Fri, 07 Aug 2015 20:00:38 (-19.1d) "
412,?64,Sujeeth S ,0.248368,5,"Fri, 31 Jul 2015 09:10:26 (-0.2h) "
413,?64,Mark Conway ,0.248368,6,"Mon, 03 Aug 2015 00:40:11 (-2.3d) "
414,?96,DeSpurious ,0.248368,11,"Mon, 03 Aug 2015 12:17:23 "
415,new,Arkid Mitra ,0.248368,2,"Mon, 03 Aug 2015 14:57:45 (-0h) "
416,new,Ctrl+Alt+Del ,0.248368,1,"Fri, 07 Aug 2015 00:25:43 "
417,?7,Rajesh Arumugam ,0.248506,18,"Sun, 02 Aug 2015 01:46:07 "
418,new,Kripa ,0.248575,13,"Tue, 04 Aug 2015 03:09:44 (-2.4d) "
419,?68,simplexity ,0.24872,22,"Fri, 10 Jul 2015 14:29:14 "
420,?216,KBanalytics ,0.248768,12,"Wed, 05 Aug 2015 16:02:24 (-2.9d) "
421,?69,Puccabelle ,0.248871,26,"Mon, 13 Jul 2015 09:40:28 (-4d) "
422,new,frutoper ,0.248911,2,"Tue, 04 Aug 2015 22:30:38 (-24.2h) "
423,?70,Hugh Tomkins ,0.249038,5,"Mon, 20 Jul 2015 19:17:39 "
424,?4,seewaters ,0.249039,2,"Sun, 02 Aug 2015 17:54:32 "
425,?71,AndreiG ,0.24912,21,"Sun, 05 Jul 2015 14:27:34 (-3.9d) "
426,?70,YNWA05 ,0.249582,8,"Sat, 01 Aug 2015 13:12:12 (-3.1d) "
427,?70,Faceless Void ,0.249603,15,"Sun, 05 Jul 2015 00:22:39 (-16.9h) "
428,?70,JamesAlmostSurely ,0.250251,23,"Sun, 12 Jul 2015 20:13:56 "
429,new,George Ciobanu ,0.250298,1,"Tue, 04 Aug 2015 22:58:22 "
430,?71,Anton Muravev ,0.250299,13,"Thu, 16 Jul 2015 09:35:26 "
431,?71,Cruze D Zhou ,0.250396,7,"Mon, 13 Jul 2015 23:51:04 "
432,?71,Tofu ,0.250436,14,"Tue, 07 Jul 2015 06:50:54 (-0.2h) "
433,?71,BarrenWuffet ,0.250664,7,"Fri, 10 Jul 2015 00:05:33 "
434,?71,fmder ,0.250906,19,"Fri, 07 Aug 2015 00:43:55 (-17.3d) "
435,?71,Kyle Engel ,0.250935,13,"Tue, 04 Aug 2015 21:23:27 (-16.9d) "
436,?71,Alvydas Vitkauskas ,0.251248,1,"Tue, 14 Jul 2015 21:04:36 "
437,?71,ThoMas ,0.251248,1,"Tue, 28 Jul 2015 16:38:33 "
438,?301,HulkBulk ,0.251248,9,"Thu, 06 Aug 2015 08:44:05 "
439,?72,Nino Paul Batanay ,0.251297,1,"Fri, 03 Jul 2015 07:50:21 "
440,?72,AlexandrAyvaz ,0.25135,3,"Thu, 30 Jul 2015 20:45:37 (-2.1d) "
441,?284,dlsiii ,0.251357,23,"Sun, 02 Aug 2015 17:22:35 "
442,new,Jordan Gumm ,0.251662,6,"Mon, 03 Aug 2015 15:36:56 (-45.8h) "
443,?74,ADSAtlanta ,0.251878,10,"Mon, 03 Aug 2015 22:42:55 (-10.4d) "
444,?203,jupiter ,0.251985,28,"Fri, 07 Aug 2015 13:22:00 "
445,?75,GTAlliance ,0.252012,18,"Sat, 25 Jul 2015 23:08:01 (-19d) "
446,?75,John Cook ,0.252195,26,"Wed, 29 Jul 2015 00:28:46 "
447,?75,isk4tel ,0.252374,42,"Fri, 24 Jul 2015 15:39:41 (-2.8d) "
448,?75,randomjohn ,0.252394,13,"Thu, 30 Jul 2015 02:40:39 "
449,?75,Cavor ,0.252978,2,"Sat, 25 Jul 2015 20:00:54 "
450,?75,willjvr ,0.253054,32,"Thu, 30 Jul 2015 16:02:13 (-3d) "
451,?75,TaylorMade ,0.253058,31,"Thu, 06 Aug 2015 17:54:38 (-15.3d) "
,,,,,
452,?75,Petr Bulušek ,0.25315,5,"Wed, 22 Jul 2015 13:17:48 (-7.9d) "
453,?74,hbox ,0.253322,10,"Sat, 25 Jul 2015 07:13:50 (-0.2h) "
454,?73,Byron Graham ,0.253504,37,"Sat, 25 Jul 2015 21:17:27 (-16.6d) "
455,?73,Joshua Havelka ,0.253863,3,"Fri, 03 Jul 2015 14:24:41 (-2h) "
456,?73,rcdong ,0.253901,5,"Thu, 16 Jul 2015 05:39:58 "
457,?453,Luciferase ,0.253983,10,"Wed, 05 Aug 2015 20:14:07 (-4.4h) "
458,?74,UgoM ,0.254215,12,"Wed, 22 Jul 2015 13:53:33 (-0.7h) "
459,?74,Varun Sawhney ,0.254427,14,"Tue, 14 Jul 2015 17:47:51 (-2.5d) "
460,?49,Kele XU ,0.254572,16,"Wed, 05 Aug 2015 20:10:49 (-0.2h) "
461,?78,kerkerpon ,0.254599,21,"Fri, 07 Aug 2015 01:58:19 (-3.4h) "
,,,,,
462,?76,aguerreiro ,0.254618,42,"Thu, 30 Jul 2015 17:49:00 (-14.3d) "
463,?76,MPRI ,0.254627,29,"Sat, 18 Jul 2015 16:48:32 (-3d) "
464,?373,Chris Stockmann ,0.254761,11,"Tue, 04 Aug 2015 14:22:53 "
465,?77,L.B. ,0.254774,8,"Fri, 03 Jul 2015 14:11:57 (-2.5h) "
466,?77,VicCrome ,0.2549,16,"Wed, 22 Jul 2015 19:55:07 (-6.2d) "
467,?418,Trial and Error ,0.255073,23,"Fri, 07 Aug 2015 18:37:40 (-24.7h) "
468,?78,Somsubhra ,0.255092,18,"Sun, 12 Jul 2015 09:56:23 (-23.4h) "
469,?78,Ha Le An ,0.255501,12,"Fri, 10 Jul 2015 17:24:15 (-2.9d) "
470,new,CWU ,0.255666,13,"Fri, 07 Aug 2015 06:49:19 (-4d) "
471,?79,Mendrika Ramarlina ,0.255706,2,"Sat, 11 Jul 2015 06:32:29 "
472,?385,datamonger ,0.255826,3,"Sun, 02 Aug 2015 02:28:57 "
473,new,TomHall ,0.255826,2,"Mon, 03 Aug 2015 08:18:59 (-3.5h) "
474,?297,satishku ,0.255826,6,"Tue, 04 Aug 2015 06:37:12 (-3h) "
475,?61,pim# ,0.255954,25,"Tue, 04 Aug 2015 16:51:58 (-46.1h) "
476,?83,LeoYorke ,0.25639,21,"Thu, 23 Jul 2015 12:25:23 (-28.5h) "
477,?83,Jouni Huopana ,0.256488,18,"Tue, 14 Jul 2015 09:10:29 "
478,?83,Travis Lawrence ,0.256646,25,"Thu, 06 Aug 2015 21:07:50 (-17.1d) "
479,?83,Pietro Marini ,0.256726,51,"Tue, 04 Aug 2015 17:47:42 (-15.9d) "
480,?26,weekendworkout ,0.256893,4,"Thu, 06 Aug 2015 17:37:20 "
481,?84,Xmael ,0.256905,22,"Thu, 16 Jul 2015 09:48:56 (-0.4h) "
482,?84,DotNetDeveloper ,0.256976,6,"Wed, 08 Jul 2015 23:56:22 "
483,?84,IlanK ,0.257113,12,"Fri, 24 Jul 2015 21:15:48 (-28.7h) "
484,?84,Rhiannon Rognstad ,0.257313,36,"Thu, 16 Jul 2015 13:43:51 (-9d) "
485,?57,MienvuDang ,0.257343,30,"Tue, 04 Aug 2015 18:21:03 (-26.9h) "
486,?85,Mohamed Mekran ,0.257399,10,"Sun, 12 Jul 2015 19:33:39 (-3h) "
487,?85,Bin Zhou ,0.257509,8,"Sun, 05 Jul 2015 23:29:51 (-10.7h) "
488,?85,Garrett Teoh Hor Keong ,0.257651,21,"Sat, 01 Aug 2015 06:33:04 (-22.3d) "
489,?54,James Morse ,0.257653,9,"Fri, 07 Aug 2015 21:05:59 (-5.3d) "
490,?86,Alex_Georges ,0.257731,10,"Fri, 10 Jul 2015 10:43:43 (-3d) "
491,?85,Andrey Bogomolov ,0.257806,5,"Tue, 21 Jul 2015 14:23:50 "
492,?85,Zubatch ,0.257865,14,"Sun, 05 Jul 2015 23:59:58 (-40.4h) "
493,?85,Ashay ,0.257939,15,"Wed, 08 Jul 2015 18:16:37 (-44.9h) "
494,?85,andrekos ,0.257983,12,"Sun, 26 Jul 2015 23:45:54 (-21.9h) "
495,?83,Sriram ,0.25814,10,"Mon, 20 Jul 2015 18:12:52 (-2.1d) "
496,?83,Elon Plotkin ,0.258223,5,"Fri, 10 Jul 2015 12:11:33 "
497,?82,Mustafa Hasanbulli ,0.258306,9,"Wed, 15 Jul 2015 03:45:45 (-2.3d) "
498,?82,Jason Merefield ,0.258338,2,"Mon, 13 Jul 2015 03:43:55 "
499,?82,butch landingin ,0.258379,7,"Tue, 07 Jul 2015 12:21:14 (-4.4h) "
500,?82,alben vinoj ,0.258451,8,"Mon, 06 Jul 2015 11:03:47 (-3d) "
501,?82,joaquín armando ,0.25864,8,"Tue, 07 Jul 2015 11:31:14 "
502,?81,raagnew ,0.258697,2,"Mon, 13 Jul 2015 12:20:35 (-2.4d) "
503,?81,antonbalboa ,0.258716,17,"Sun, 05 Jul 2015 21:55:53 (-38.4h) "
504,?81,Lili Sun ,0.258743,28,"Mon, 13 Jul 2015 03:25:45 "
505,?81,Seung Yup Han ,0.258941,4,"Sun, 19 Jul 2015 23:12:09 "
506,?81,BenoitH ,0.258946,10,"Mon, 13 Jul 2015 21:54:53 (-23.8h) "
507,?81,Elaeagnus ,0.259065,11,"Thu, 06 Aug 2015 14:20:56 (-6d) "
,,,,,
508,?81,Sieber ,0.259129,3,"Fri, 03 Jul 2015 22:23:49 "
509,?80,Ilya ,0.259245,6,"Wed, 08 Jul 2015 15:45:18 (-6.3h) "
510,?80,vitalstatistix ,0.259273,9,"Wed, 22 Jul 2015 02:54:45 "
511,?80,Eric Kramer ,0.259393,3,"Tue, 07 Jul 2015 15:08:28 "
512,?80,Albert Egido ,0.259527,14,"Sat, 04 Jul 2015 00:08:25 (-20.8h) "
513,new,Sravan Babu Bodapati ,0.259613,2,"Mon, 03 Aug 2015 02:26:19 "
514,?81,PrathameshChhariya ,0.259699,4,"Wed, 29 Jul 2015 12:38:24 "
515,?81,Sammy ,0.259705,12,"Wed, 08 Jul 2015 19:28:33 "
516,?454,yafokg ,0.25974,4,"Wed, 05 Aug 2015 05:51:21 "
517,?81,Ujwal Kovuri ,0.259868,19,"Thu, 30 Jul 2015 13:18:47 (-23.3h) "
518,?81,chriszhou ,0.259963,8,"Fri, 10 Jul 2015 07:04:44 (-23h) "
519,?81,Furious ,0.259965,3,"Mon, 06 Jul 2015 09:03:44 (-0.6h) "
520,?81,The Duck in the Machine ,0.259965,2,"Tue, 07 Jul 2015 05:09:51 "
521,?81,Jijo ,0.259965,9,"Fri, 24 Jul 2015 09:32:21 (-16.7d) "
522,?79,jcis ,0.259997,77,"Thu, 16 Jul 2015 16:02:59 "
523,?79,DarkMonkey ,0.260045,17,"Mon, 03 Aug 2015 06:55:26 (-7.7d) "
524,?79,Shawn Pope ,0.260049,50,"Sun, 02 Aug 2015 18:29:32 (-7.3d) "
525,?78,athoul01 ,0.260142,5,"Wed, 08 Jul 2015 19:26:06 "
526,?78,WishKaro ,0.260198,8,"Mon, 20 Jul 2015 08:55:46 (-5d) "
,,,,,
527,?78,spat ,0.260213,8,"Sat, 01 Aug 2015 17:22:16 (-35.5h) "
528,?78,Guillaume Ferry ,0.260264,7,"Sun, 02 Aug 2015 09:59:26 (-4.7d) "
529,?379,maiduong ,0.260418,16,"Thu, 06 Aug 2015 06:15:35 (-24.5h) "
530,new,Vladimir Iglovikov ,0.260518,1,"Sun, 02 Aug 2015 01:59:45 "
531,?80,Mathematical Seer ,0.260682,3,"Mon, 06 Jul 2015 14:08:55 "
532,?80,Rokoson ,0.260872,24,"Tue, 04 Aug 2015 22:52:07 (-11.8d) "
533,?80,madradana ,0.260936,2,"Thu, 09 Jul 2015 09:14:36 "
534,?79,Dodg3r ,0.261154,18,"Sun, 05 Jul 2015 10:11:40 "
535,?79,beingsumit ,0.261174,6,"Sun, 05 Jul 2015 10:44:41 (-2.2d) "
536,?79,Bhaumik Shah ,0.261174,7,"Fri, 03 Jul 2015 13:11:23 "
537,?18,Eddy Kang ,0.261224,21,"Fri, 07 Aug 2015 11:16:28 (-2d) "
538,?79,Saurav chakravorty ,0.261417,14,"Sat, 01 Aug 2015 05:38:08 (-4.9d) "
539,new,praveen reddy dandu ,0.261535,8,"Mon, 03 Aug 2015 05:33:02 (-34.9h) "
540,?80,Blacksou ,0.26156,5,"Thu, 23 Jul 2015 10:32:14 "
541,?160,dantesenior ,0.261692,32,"Thu, 06 Aug 2015 21:31:29 "
542,?81,CoolSgd ,0.261726,11,"Tue, 28 Jul 2015 10:34:03 (-18.1d) "
543,?80,Bryan Johnson ,0.261773,3,"Mon, 06 Jul 2015 21:18:31 "
544,?80,Julien Alexandre ,0.261919,31,"Wed, 29 Jul 2015 17:01:21 (-7.8d) "
545,?80,sarawxyz ,0.26195,5,"Sat, 25 Jul 2015 23:45:28 (-5.7d) "
546,?80,Tharindu Ranasinghe ,0.262061,4,"Fri, 03 Jul 2015 17:12:34 (-24.4h) "
547,?80,prokoff ,0.26212,10,"Tue, 14 Jul 2015 16:36:03 "
548,?80,TenaciousTerrier ,0.262146,13,"Mon, 06 Jul 2015 04:34:58 "
549,?80,Abhishek Simhadri ,0.262182,2,"Sat, 18 Jul 2015 16:33:15 "
550,?80,mlnewbie ,0.262186,18,"Wed, 08 Jul 2015 12:52:43 (-24.9h) "
551,?80,rj03 ,0.262186,37,"Thu, 09 Jul 2015 13:13:49 (-23.6h) "
552,?79,Lali67 ,0.262533,23,"Mon, 27 Jul 2015 13:11:58 "
553,?79,HealthActuary ,0.262646,19,"Mon, 27 Jul 2015 04:17:28 (-18.6d) "
554,?79,Luboš Motl ,0.262766,5,"Tue, 07 Jul 2015 15:19:58 (-0.1h) "
555,new,polarBear ,0.262791,6,"Fri, 07 Aug 2015 22:43:31 (-2.5h) "
556,?412,Ansuman ,0.262883,11,"Fri, 07 Aug 2015 11:29:25 "
557,?81,Sun ,0.262913,2,"Fri, 17 Jul 2015 14:46:01 (-0.2h) "
558,?81,Karthick K ,0.262975,5,"Sat, 11 Jul 2015 12:40:15 (-3.3d) "
559,?80,CeShine Lee ,0.263157,2,"Fri, 07 Aug 2015 20:56:46 (-28.7d) "
560,?80,Vivek Uday ,0.263243,6,"Sun, 12 Jul 2015 02:13:37 (-4.9d) "
561,?80,Michiel ,0.263279,14,"Sat, 01 Aug 2015 09:33:16 (-18.2h) "
562,?80,Petr Ermakov (I want to PZAD) ,0.263282,6,"Tue, 28 Jul 2015 11:03:32 "
563,?80,RicardoRivero ,0.263318,2,"Tue, 07 Jul 2015 14:36:29 (-20.3h) "
564,?80,Chain Reactors ,0.263522,1,"Tue, 14 Jul 2015 08:07:15 "
,,,,,
565,?80,BasMinkes ,0.263571,9,"Mon, 20 Jul 2015 06:19:42 (-4.3d) "
566,?80,root777 ,0.263579,11,"Sun, 26 Jul 2015 00:52:40 (-0.2h) "
567,?80,Luke Green ,0.263925,6,"Wed, 08 Jul 2015 02:59:50 (-6.2h) "
568,?80,akhil kumar ,0.263979,3,"Fri, 31 Jul 2015 06:05:51 (-2.1h) "
569,?80,bebek ,0.264047,2,"Sat, 04 Jul 2015 23:20:30 "
570,new,RREY ,0.264053,1,"Thu, 06 Aug 2015 02:07:18 "
571,?81,Jason Noriega ,0.264058,25,"Mon, 06 Jul 2015 03:36:36 (-0h) "
572,?80,Gennady ,0.264143,12,"Mon, 13 Jul 2015 01:28:08 (-0.7h) "
573,?80,Egor Ignatenkov ,0.264167,2,"Tue, 07 Jul 2015 06:27:41 "
574,?80,Chevere ,0.26422,1,"Sat, 04 Jul 2015 19:17:23 "
575,?80,Kok Meng Tan ,0.264236,3,"Sat, 04 Jul 2015 01:46:10 "
576,?80,versatility ,0.264253,1,"Mon, 13 Jul 2015 13:33:13 "
577,new,m ,0.264405,1,"Sun, 02 Aug 2015 01:14:55 "
578,?81,Chris Cannon ,0.264471,2,"Thu, 02 Jul 2015 18:47:19 "
579,?81,Kaggle Rank Maintenance ,0.264471,1,"Thu, 02 Jul 2015 19:22:55 "
580,?81,Shenanigan ,0.264471,6,"Fri, 03 Jul 2015 05:57:09 "
581,?81,SirGuessalot ,0.264471,6,"Sun, 05 Jul 2015 22:43:26 (-2.6d) "
582,?81,daten-kieker ,0.264471,2,"Fri, 03 Jul 2015 15:11:13 "
583,?81,Marco Scattolin ,0.264471,5,"Mon, 06 Jul 2015 08:29:40 (-2.7d) "
584,?81,Lily loves data ,0.264471,5,"Mon, 06 Jul 2015 21:14:18 (-2.1d) "
585,?81,Thomas Rost ,0.264471,1,"Sun, 05 Jul 2015 10:01:50 "
586,?81,Saurav Gupta ,0.264471,4,"Mon, 06 Jul 2015 07:54:44 (-0.6h) "
587,?81,Jegan ,0.264471,9,"Mon, 06 Jul 2015 10:08:47 "
588,?81,Ekansh Verma ,0.264471,12,"Thu, 09 Jul 2015 12:28:10 (-3d) "
589,?81,Xiang Lin ,0.264471,9,"Thu, 09 Jul 2015 15:52:13 (-3d) "
590,?81,Amine Benhalloum ,0.264471,12,"Thu, 09 Jul 2015 00:22:48 (-44.5h) "
591,?78,Sandeep Chanda ,0.264471,2,"Fri, 10 Jul 2015 11:29:16 "
592,?78,Felipe Batista ,0.264471,1,"Fri, 10 Jul 2015 15:05:48 "
593,?78,GergeKhan ,0.264471,1,"Sat, 11 Jul 2015 22:05:00 "
594,?78,Gary ,0.264471,1,"Tue, 14 Jul 2015 08:30:46 "
595,?78,Alexey Antonov ,0.264471,2,"Tue, 14 Jul 2015 20:47:26 "
596,?78,DhavalModi ,0.264471,2,"Wed, 15 Jul 2015 15:50:00 "
597,?78,Weili Zhang ,0.264471,2,"Fri, 31 Jul 2015 03:13:48 (-13.3d) "
598,?78,Edaijia ,0.264471,3,"Tue, 21 Jul 2015 05:46:27 (-1.4h) "
,,,,,
599,?78,shellsnail ,0.264471,2,"Sun, 26 Jul 2015 15:51:27 (-0h) "
600,?78,cashuseyepatch ,0.264471,2,"Wed, 29 Jul 2015 00:24:39 "
601,?78,Stéphane Sbizzera ,0.264504,4,"Mon, 20 Jul 2015 13:55:05 "
602,?29,lichtpinsler ,0.264546,31,"Fri, 07 Aug 2015 14:43:26 "
603,?79,Robby75 ,0.264552,11,"Tue, 21 Jul 2015 07:38:16 (-1.8h) "
604,?79,JSRod ,0.264584,3,"Sun, 05 Jul 2015 03:10:26 "
605,new,athinaeos ,0.264601,15,"Wed, 05 Aug 2015 07:34:47 (-0.5h) "
606,?80,BES ,0.264728,3,"Fri, 03 Jul 2015 08:39:31 "
607,?80,Nagababu ,0.26481,2,"Tue, 14 Jul 2015 08:43:29 "
608,?80,Rithwik ,0.264869,1,"Sun, 05 Jul 2015 14:27:16 "
609,?80,Sandeep Dulluri ,0.264947,17,"Sun, 12 Jul 2015 05:30:23 (-4d) "
610,?80,QiLi ,0.264961,5,"Fri, 24 Jul 2015 17:52:33 (-6.9d) "
611,?80,MacKGins ,0.265087,16,"Sat, 18 Jul 2015 01:39:10 (-12.2d) "
612,?80,Ashish Sharma ,0.265096,5,"Sun, 12 Jul 2015 17:02:08 (-9.4h) "
613,new,sateesh ,0.265144,2,"Fri, 07 Aug 2015 12:09:42 (-0.5h) "
614,?81,Miguel ,0.265233,17,"Fri, 07 Aug 2015 19:29:56 (-18d) "
615,?81,kicker ,0.26536,1,"Tue, 28 Jul 2015 04:49:32 "
616,?81,timcdlucas ,0.26538,11,"Sat, 04 Jul 2015 11:46:48 "
617,?81,lopezco ,0.265445,1,"Fri, 03 Jul 2015 21:41:55 "
618,?44,mural net worth ,0.265529,10,"Thu, 06 Aug 2015 02:40:17 "
,,,,,
619,?82,shubham gupta ,0.265563,1,"Fri, 10 Jul 2015 04:42:23 "
620,?82,Abhishek 2 ,0.265638,1,"Thu, 30 Jul 2015 13:47:09 "
621,?5,jpierzch ,0.265729,19,"Fri, 07 Aug 2015 08:59:19 (-3.1d) "
622,?82,JonahCasebeer ,0.265871,2,"Mon, 13 Jul 2015 21:56:50 (-0.2h) "
623,?82,cat_ds_strategy ,0.265932,1,"Wed, 29 Jul 2015 12:58:25 "
624,?82,????????? ????????? ,0.266049,2,"Sat, 04 Jul 2015 14:12:18 "
625,?82,Albert Ferré ,0.266178,3,"Mon, 20 Jul 2015 13:58:01 "
626,?82,zhmz90 ,0.266221,4,"Wed, 22 Jul 2015 16:34:22 (-18.9d) "
627,?82,DataScientist ,0.266304,7,"Sun, 19 Jul 2015 00:01:25 (-14.8d) "
628,?82,Grouh & Gryan Corporation ,0.266346,2,"Wed, 29 Jul 2015 13:39:52 (-11.9d) "
,,,,,
629,?82,Youngsoo Kim ,0.266514,1,"Sun, 12 Jul 2015 04:16:13 "
630,?81,Vimal ,0.266607,2,"Wed, 22 Jul 2015 05:58:57 "
631,?81,Jola ,0.266875,1,"Sat, 18 Jul 2015 17:16:45 "
632,?76,Tapio Räsänen ,0.266937,19,"Mon, 03 Aug 2015 19:42:47 "
633,?82,Tinh Tran ,0.266966,2,"Wed, 22 Jul 2015 12:55:09 (-7.2d) "
634,?82,Haneesh ,0.267141,3,"Mon, 27 Jul 2015 09:40:09 (-13.1d) "
635,?81,Thodime ,0.267529,2,"Tue, 21 Jul 2015 04:46:48 (-0.1h) "
636,?79,Mehdi L. ,0.267846,19,"Fri, 10 Jul 2015 14:28:46 "
637,?79,Dimitris Leventis ,0.267863,5,"Mon, 06 Jul 2015 17:11:52 "
638,?79,E K ,0.26802,3,"Fri, 03 Jul 2015 20:34:16 "
639,?79,\ ({}) / ,0.268131,1,"Wed, 08 Jul 2015 18:37:35 "
640,?79,Gosset ,0.26826,14,"Fri, 07 Aug 2015 18:12:14 (-10.9d) "
641,?79,Alejandro ,0.268483,1,"Sat, 18 Jul 2015 16:54:01 "
642,?78,Seby ,0.268652,17,"Fri, 07 Aug 2015 21:05:24 (-6.9d) "
643,new,Jaehwan Kim ,0.268889,2,"Sat, 01 Aug 2015 07:49:10 (-0.7h) "
644,?79,FBocca ,0.268915,33,"Fri, 17 Jul 2015 02:39:55 (-6.3d) "
645,?79,Shivam Verma ,0.269126,13,"Wed, 05 Aug 2015 07:09:59 (-14.9d) "
646,?78,guillaumeph ,0.269182,2,"Sun, 26 Jul 2015 18:30:53 (-0.3h) "
647,?37,mojohh ,0.269193,9,"Wed, 05 Aug 2015 20:33:53 "
648,?79,Daniele Biasci ,0.269303,27,"Thu, 09 Jul 2015 08:48:16 (-5.9d) "
649,?79,EddieH ,0.26932,5,"Fri, 10 Jul 2015 21:42:33 "
650,?79,Sri Harsha Attivilli ,0.269375,2,"Sat, 11 Jul 2015 15:35:23 "
651,?79,PankajYadav ,0.269641,13,"Tue, 14 Jul 2015 01:05:52 (-0.6h) "
652,?77,Scorpion ,0.270147,9,"Sat, 18 Jul 2015 20:00:44 (-9.8d) "
653,?77,Smoothie ,0.270494,1,"Wed, 15 Jul 2015 04:15:44 "
654,?77,Nuno Marques ,0.270519,1,"Tue, 07 Jul 2015 17:51:08 "
655,?77,J Kolb ,0.270649,8,"Sun, 05 Jul 2015 21:37:16 "
656,?77,JZach ,0.271,9,"Tue, 21 Jul 2015 17:48:32 (-13.3d) "
657,?77,Guido Tapia ,0.271497,7,"Tue, 14 Jul 2015 05:21:51 (-3.5h) "
658,?77,Maria Prikhodko ,0.271523,10,"Thu, 02 Jul 2015 11:08:48 (-31.1h) "
659,?6,Ruthger Righart ,0.271586,35,"Fri, 07 Aug 2015 12:55:17 "
660,?17,Isaac ,0.271787,61,"Fri, 07 Aug 2015 08:59:24 (-16.2h) "
661,?79,Rajeev Ranjan ,0.272394,2,"Mon, 06 Jul 2015 12:59:14 (-4.8h) "
662,?78,-kcs- ,0.272572,4,"Sat, 18 Jul 2015 01:08:30 (-2.4h) "
663,?78,Mimain ,0.272575,7,"Wed, 22 Jul 2015 08:06:14 (-3.5d) "
664,?78,Param ,0.273038,1,"Sun, 26 Jul 2015 21:50:26 "
665,?78,geodude ,0.273823,4,"Thu, 30 Jul 2015 19:32:00 "
666,?78,Jetty ,0.273943,2,"Fri, 24 Jul 2015 02:06:09 "
667,?302,Pretesh ,0.274129,7,"Fri, 07 Aug 2015 18:29:41 (-0.2h) "
668,?79,ShawnR ,0.2742,3,"Fri, 31 Jul 2015 17:59:33 (-12.8d) "
669,?18,Pietro Marinelli ,0.274318,32,"Fri, 07 Aug 2015 21:16:03 (-0.3h) "
670,?80,Luis Guilherme Damiani ,0.274416,1,"Sun, 26 Jul 2015 19:14:02 "
671,?80,Nathan Phillips ,0.274557,6,"Sun, 26 Jul 2015 21:13:15 "
672,?80,MagnusLarsson ,0.274892,7,"Tue, 21 Jul 2015 20:21:16 "
673,?80,Victor ,0.275265,13,"Sun, 05 Jul 2015 21:42:10 (-1.2h) "
674,?80,Prashant Hiremath ,0.275431,2,"Sun, 05 Jul 2015 02:33:18 "
675,?80,jjuhannes ,0.275549,6,"Sun, 12 Jul 2015 19:07:58 (-3.9h) "
676,?80,boxybrown ,0.275833,5,"Wed, 15 Jul 2015 19:08:16 "
677,?80,yling ,0.276233,5,"Fri, 31 Jul 2015 01:49:14 "
678,new,Kevin Hu ,0.276416,1,"Sun, 02 Aug 2015 09:05:28 "
679,?81,?? ? ????! ,0.276452,3,"Fri, 31 Jul 2015 18:13:09 "
680,?81,Dario Solari ,0.277179,5,"Thu, 02 Jul 2015 19:23:06 "
681,?81,lagvier ,0.277684,3,"Wed, 29 Jul 2015 10:03:21 (-25.9d) "
682,?81,PN123 ,0.277994,5,"Sat, 11 Jul 2015 06:33:27 "
683,?81,EaswerC ,0.278179,4,"Fri, 03 Jul 2015 00:26:24 "
684,?80,name00 ,0.279296,9,"Tue, 21 Jul 2015 09:01:58 (-6.6d) "
685,?78,mal_sch ,0.28013,1,"Sat, 04 Jul 2015 17:44:30 "
686,?78,TubeGradientDescent ,0.281317,8,"Tue, 14 Jul 2015 06:51:31 (-9.1h) "
687,?78,ChaoranLiu ,0.281589,8,"Sat, 18 Jul 2015 16:45:48 (-5.9h) "
688,?78,kish ,0.281709,10,"Mon, 06 Jul 2015 21:34:02 (-43.2h) "
689,?78,janiin ,0.281926,14,"Mon, 03 Aug 2015 08:35:11 (-5d) "
690,?78,r00kie ,0.282533,7,"Tue, 07 Jul 2015 06:43:04 (-4h) "
691,?78,ashok k harnal ,0.283284,21,"Mon, 20 Jul 2015 15:20:28 (-4d) "
692,?78,David Lewis ,0.284328,17,"Wed, 22 Jul 2015 19:19:34 "
693,?78,Michael Lerch ,0.284395,5,"Thu, 09 Jul 2015 03:08:25 "
694,?77,Remontoire ,0.284918,4,"Tue, 21 Jul 2015 13:00:03 "
695,?74,Aleix Gimenez ,0.285017,8,"Thu, 06 Aug 2015 23:40:54 (-2d) "
696,?78,mangoengineer ,0.285434,10,"Sat, 25 Jul 2015 05:32:05 (-7.2d) "
697,?78,Bobcat ,0.28546,5,"Wed, 01 Jul 2015 20:54:14 (-26.7h) "
698,?78,hamelg ,0.286761,2,"Fri, 03 Jul 2015 13:08:04 "
699,?78,DEEPSPEEDX ,0.287067,10,"Thu, 09 Jul 2015 16:20:56 (-0.4h) "
700,?78,James Rampersad ,0.287546,10,"Sun, 05 Jul 2015 17:22:16 "
701,?78,Jared Turkewitz ,0.287629,6,"Thu, 23 Jul 2015 18:43:24 (-2.1d) "
702,?78,rahul agarwal ,0.287844,9,"Thu, 16 Jul 2015 18:09:02 (-12.7d) "
703,?78,raman_sharma ,0.287844,4,"Mon, 06 Jul 2015 06:58:55 (-10.6h) "
704,?31,aaronbarzilai ,0.287876,10,"Wed, 05 Aug 2015 11:10:13 "
705,?79,mchahhou ,0.288644,3,"Thu, 30 Jul 2015 22:16:37 "
706,?79,Matt ,0.288688,19,"Fri, 31 Jul 2015 12:50:06 (-0h) "
707,?79,vrajs5 ,0.289121,20,"Fri, 10 Jul 2015 11:17:15 (-7.1d) "
708,?79,Zickler ,0.289517,10,"Sun, 05 Jul 2015 05:56:25 "
709,new,Michael_Vadis ,0.290137,3,"Fri, 07 Aug 2015 21:47:22 (-15.9h) "
710,?80,WhizWilde ,0.290155,81,"Sat, 25 Jul 2015 04:50:23 (-12.8h) "
711,?80,joof ,0.290581,5,"Fri, 03 Jul 2015 13:39:32 (-8.6h) "
712,?80,chrz?szczyrzewoszyce powiat ??ko?ody ,0.290749,5,"Thu, 02 Jul 2015 16:37:32 (-0.1h) "
713,?80,Lobowadai ,0.290991,11,"Fri, 24 Jul 2015 00:13:50 (-33.9h) "
714,?80,gardenia ,0.291106,12,"Fri, 10 Jul 2015 04:22:06 (-3.4h) "
715,?80,Koushik Nagarajan ,0.29198,11,"Thu, 06 Aug 2015 00:00:17 (-15.6d) "
716,?79,aelise ,0.292223,2,"Thu, 02 Jul 2015 19:16:36 "
717,?79,nlubchenco ,0.292232,5,"Wed, 01 Jul 2015 04:49:34 "
718,?79,Eric Liu ,0.292247,2,"Sat, 11 Jul 2015 08:34:28 "
719,?79,Kevin ,0.293155,4,"Tue, 21 Jul 2015 20:24:36 "
720,?79,mmourafiq ,0.29323,1,"Fri, 24 Jul 2015 14:26:18 "
721,?79,sgudur ,0.29323,1,"Wed, 08 Jul 2015 01:36:06 "
722,?79,Gelves ,0.294185,14,"Wed, 08 Jul 2015 17:51:16 "
,,,,,
723,?268,Lawrence Chernin ,0.294919,3,"Mon, 03 Aug 2015 00:23:19 (-0.2h) "
724,?80,chris r ,0.294985,10,"Tue, 07 Jul 2015 07:20:31 (-0h) "
725,?80,RandomForestGump ,0.295,9,"Tue, 04 Aug 2015 13:36:03 (-6.3d) "
726,?80,Alexey Kazantsev ,0.296586,16,"Mon, 20 Jul 2015 07:44:38 (-2.6d) "
727,?79,SayantanMukherjee ,0.297713,2,"Fri, 31 Jul 2015 15:14:33 (-2.4h) "
728,?79,RyanMurray ,0.297759,5,"Tue, 14 Jul 2015 23:33:14 (-9.5h) "
729,?79,Roehst ,0.298068,17,"Wed, 08 Jul 2015 03:58:42 "
730,?78,NicolasBurl ,0.298372,8,"Thu, 09 Jul 2015 15:11:53 (-3.9h) "
731,new,Andrew Grinenko ,0.299064,2,"Tue, 04 Aug 2015 11:25:30 "
732,?79,sugiking ,0.299992,4,"Wed, 01 Jul 2015 03:58:31 (-1.2h) "
733,new,killercomet ,0.300973,1,"Fri, 07 Aug 2015 11:28:41 "
734,?79,Jamie Ross ,0.301074,1,"Tue, 28 Jul 2015 19:11:48 "
735,?79,Mark Nagelberg ,0.301917,9,"Sat, 25 Jul 2015 19:26:01 (-9.8d) "
736,?79,Martin Gaborit ,0.302009,5,"Fri, 17 Jul 2015 14:53:05 (-1h) "
737,?79,basvb ,0.302098,3,"Tue, 30 Jun 2015 00:40:43 "
738,?79,LL ,0.308136,2,"Thu, 30 Jul 2015 00:16:48 "
739,?79,khowarizmi ,0.308778,4,"Thu, 09 Jul 2015 09:00:18 "
740,?79,anirudhaghosh ,0.309258,1,"Tue, 14 Jul 2015 05:15:09 "
741,?78,GermanLujan ,0.310652,11,"Thu, 23 Jul 2015 19:52:42 "
742,?80,Tazhoo Deen (I want to PZAD) ,0.310757,10,"Sun, 02 Aug 2015 10:12:07 (-1h) "
743,?79,vikas_rtr ,0.31141,5,"Sat, 11 Jul 2015 19:19:33 "
744,new,Roman Khalkechev (I want to PZAD) ,0.312284,1,"Sat, 01 Aug 2015 15:05:17 "
745,?79,Guardian ,0.313673,14,"Wed, 15 Jul 2015 06:14:56 (-24.3h) "
746,?79,Ji Li ,0.314636,15,"Thu, 30 Jul 2015 01:47:34 "
747,?79,Python_Rocks ,0.314645,2,"Sat, 04 Jul 2015 15:26:40 (-2h) "
748,?79,RichardAyres ,0.314987,31,"Sat, 01 Aug 2015 11:51:37 (-7d) "
749,?79,Revenge of the Dodo ,0.316663,3,"Mon, 06 Jul 2015 18:18:23 "
750,?79,amartya18x ,0.31879,6,"Thu, 09 Jul 2015 09:05:40 (-2.6d) "
751,?79,hrududu ,0.319167,7,"Tue, 21 Jul 2015 04:18:43 "
752,?78,I_Y_C ,0.319445,3,"Mon, 13 Jul 2015 23:36:46 (-5.7d) "
753,?78,ARrrrrrr ,0.320427,6,"Sun, 02 Aug 2015 11:36:16 (-8.5d) "
754,?78,Yogesh Bhalerao ,0.320768,12,"Wed, 22 Jul 2015 06:26:59 "
755,new,M Kindem ,0.326862,2,"Wed, 05 Aug 2015 18:20:01 "
756,?65,RichPeña ,0.327021,19,"Thu, 06 Aug 2015 13:44:40 "
757,?64,aboul ,0.327282,5,"Fri, 07 Aug 2015 17:41:05 "
758,?80,Yilun Zhang ,0.327497,1,"Wed, 08 Jul 2015 23:42:04 "
759,new,SamuelHicks ,0.328604,1,"Sat, 01 Aug 2015 12:34:23 "
760,?80,Sriram Kovil ,0.335367,6,"Tue, 30 Jun 2015 20:02:07 "
761,?80,Philip Mwagiru ,0.337196,10,"Sun, 12 Jul 2015 13:21:59 (-0.6h) "
762,?80,watszo ,0.338102,7,"Fri, 10 Jul 2015 09:34:55 (-1.3h) "
763,?80,kaksat ,0.339362,15,"Thu, 30 Jul 2015 22:29:59 "
764,?42,Pallen ,0.340579,9,"Tue, 04 Aug 2015 09:29:58 "
765,?80,Adithya ,0.341919,9,"Mon, 06 Jul 2015 15:21:22 (-5.2d) "
766,?80,jascal ,0.343369,3,"Sun, 26 Jul 2015 23:06:27 (-1h) "
767,?80,wangy ,0.34498,2,"Fri, 24 Jul 2015 02:10:16 "
768,?64,claudegable ,0.34504,12,"Wed, 05 Aug 2015 18:44:45 (-1.9h) "
769,?81,Men at Work ,0.345534,3,"Fri, 03 Jul 2015 20:03:43 (-1h) "
770,?81,kevin patel ,0.345789,7,"Sat, 04 Jul 2015 00:31:05 "
771,?81,kudokid ,0.345889,5,"Sat, 04 Jul 2015 16:20:18 "
772,?161,Vytautas Mickevi?ius ,0.346493,19,"Fri, 07 Aug 2015 22:13:42 (-25.3h) "
773,?81,Patrick Ball ,0.348828,13,"Mon, 03 Aug 2015 14:30:29 (-4.8d) "
774,?80,rickTheBustedKneeExRunner ,0.349927,15,"Thu, 16 Jul 2015 23:22:10 (-2.6d) "
775,new,RiccardoNizzolo ,0.351969,7,"Fri, 07 Aug 2015 16:01:40 "
776,?81,Terry ,0.352456,2,"Wed, 08 Jul 2015 04:42:34 "
777,new,smg79 ,0.35393,7,"Fri, 07 Aug 2015 21:13:19 "
778,?82,NimNid ,0.354181,14,"Tue, 07 Jul 2015 03:51:57 (-13.1h) "
779,?82,Aboubakeur Namous ,0.355071,2,"Wed, 01 Jul 2015 15:29:42 "
780,?82,La + ,0.355468,20,"Sun, 02 Aug 2015 23:49:23 (-12.6d) "
781,?82,RAGHAVAREDDY ,0.357688,33,"Wed, 29 Jul 2015 11:25:21 (-8.1d) "
782,?82,LLopez ,0.359582,4,"Tue, 14 Jul 2015 01:26:25 "
783,?80,Florian Muellerklein ,0.361741,10,"Thu, 02 Jul 2015 03:00:31 (-0.1h) "
784,?79,chen3000 ,0.366095,5,"Thu, 23 Jul 2015 16:23:10 "
785,?79,JRSSKumarD ,0.366874,7,"Mon, 20 Jul 2015 21:38:23 "
786,?79,Xu Dong ,0.368641,3,"Sun, 05 Jul 2015 12:39:12 (-28.1h) "
787,?79,beiwenwu ,0.36872,1,"Thu, 02 Jul 2015 05:19:03 "
788,?79,Manan Shah ,0.36872,1,"Thu, 02 Jul 2015 07:41:34 "
789,?79,Antonis Nikitakis ,0.36872,3,"Thu, 02 Jul 2015 13:30:03 (-4.1h) "
790,?79,El-dosuky ,0.368725,1,"Sat, 04 Jul 2015 08:15:10 "
791,?79,Donkey ,0.368774,1,"Sat, 11 Jul 2015 01:16:24 "
792,?78,Arty.Erokhin ,0.370666,8,"Fri, 31 Jul 2015 22:05:09 (-5.6d) "
793,?78,Jefey ,0.372142,1,"Mon, 13 Jul 2015 11:32:45 "
794,?78,predictomix ,0.373103,33,"Mon, 27 Jul 2015 19:56:39 (-20.8d) "
,,,,,
795,?78,Random_Insights ,0.373333,3,"Tue, 21 Jul 2015 20:21:19 "
796,?78,Melvin Jacobson ,0.37339,3,"Sun, 05 Jul 2015 13:41:22 (-1.2h) "
797,?78,inversion ,0.373509,4,"Tue, 30 Jun 2015 00:47:39 (-0.1h) "
798,?78,drouot ,0.373518,2,"Tue, 30 Jun 2015 23:10:12 "
799,?78,GalC7 ,0.373604,2,"Tue, 30 Jun 2015 06:50:11 (-0.1h) "
,,,,,
800,?78,javidali ,0.373614,5,"Sun, 05 Jul 2015 23:57:08 (-0h) "
801,?78,waronzevon ,0.373643,1,"Wed, 01 Jul 2015 03:14:22 "
802,?78,UNIT ,0.373652,2,"Wed, 01 Jul 2015 13:27:29 (-1.2h) "
803,?77,afterhours ,0.373698,7,"Wed, 01 Jul 2015 00:22:03 (-9.1h) "
804,?77,sklef ,0.373699,3,"Tue, 30 Jun 2015 12:42:50 "
805,new,JR21 ,0.373756,1,"Wed, 05 Aug 2015 18:45:22 "
806,?78,Sandeep ,0.373756,6,"Tue, 30 Jun 2015 09:33:04 (-12.2h) "
807,?78,Ming Lu ,0.373756,4,"Wed, 15 Jul 2015 12:35:33 (-14d) "
808,?78,zavior ,0.373756,5,"Tue, 30 Jun 2015 14:21:37 (-0.8h) "
809,?78,piotrek ,0.373978,1,"Mon, 29 Jun 2015 19:42:17 "
810,?78,jem24 ,0.373987,2,"Sun, 19 Jul 2015 12:28:20 "
811,?77,nitimo ,0.374172,1,"Mon, 06 Jul 2015 12:18:07 "
812,?77,SeaBreeze ,0.374341,29,"Tue, 28 Jul 2015 12:39:26 (-35.1h) "
813,?77,Elliot Dawson ,0.374792,1,"Sat, 04 Jul 2015 11:34:36 "
814,?77,Vishleshak ,0.375844,18,"Thu, 16 Jul 2015 15:04:10 (-9.2d) "
815,?77,Manuel Díaz ,0.376057,1,"Fri, 03 Jul 2015 08:11:31 "
816,?76,loiyumba lourembam ,0.376696,18,"Sun, 26 Jul 2015 10:15:12 (-10.9d) "
817,?76,groolyg ,0.378137,2,"Sat, 04 Jul 2015 16:15:02 (-0.4h) "
818,?76,NNSMedia ,0.379774,14,"Fri, 24 Jul 2015 02:39:30 "
819,?76,Ningping Wang ,0.379973,3,"Mon, 06 Jul 2015 19:20:55 "
820,?76,Abhishek Kumar ,0.385109,12,"Wed, 15 Jul 2015 18:34:24 (-3.9d) "
821,?76,Waxupein ,0.386378,5,"Wed, 08 Jul 2015 07:22:06 (-23.2h) "
822,?104,andromeda ,0.386824,10,"Sat, 01 Aug 2015 09:16:59 (-0.5h) "
823,?77,Titipat Achakulwisut ,0.386903,1,"Thu, 09 Jul 2015 07:52:35 "
824,?77,Jonah J ,0.386903,1,"Thu, 23 Jul 2015 01:39:48 "
825,?34,binga ,0.386903,6,"Sat, 01 Aug 2015 13:05:42 (-0.7h) "
826,?78,Eric Pasewark ,0.386903,3,"Wed, 08 Jul 2015 20:50:58 "
827,?78,ShreyasRaut ,0.386903,2,"Thu, 02 Jul 2015 05:23:12 "
828,?78,Ravi ,0.386903,2,"Mon, 06 Jul 2015 08:05:17 (-0.2h) "
829,?78,Hrishikesh Ganu ,0.386903,1,"Thu, 09 Jul 2015 03:39:04 "
830,?78,Megh ,0.386903,1,"Sat, 11 Jul 2015 18:40:04 "
831,?78,mingjerli ,0.386903,7,"Thu, 30 Jul 2015 20:13:31 "
832,new,Pritimayee Patra ,0.386903,1,"Mon, 03 Aug 2015 06:16:19 "
833,new,Kyler Brown ,0.386903,1,"Wed, 05 Aug 2015 18:56:51 "
834,?80,Sarangam ,0.3873,2,"Sat, 04 Jul 2015 08:10:06 "
835,?80,Dancing with Data ,0.387589,4,"Fri, 17 Jul 2015 15:04:41 "
836,new,Alex Prodan ,0.388268,1,"Tue, 04 Aug 2015 14:25:46 "
837,?81,deccs ,0.388632,1,"Wed, 01 Jul 2015 17:17:02 "
838,?81,Alex_Alex ,0.388632,1,"Thu, 02 Jul 2015 04:26:40 "
839,?81,Soumya Smruti Mishra ,0.388632,2,"Thu, 09 Jul 2015 21:54:41 "
840,?81,ili ,0.388632,1,"Sun, 19 Jul 2015 23:14:01 "
841,?81,Arge_6644 ,0.39,1,"Tue, 07 Jul 2015 10:55:42 "
842,?81,smiler ,0.393086,8,"Mon, 13 Jul 2015 14:23:12 "
843,?81,Cygnus ,0.393452,6,"Thu, 30 Jul 2015 02:00:13 "
844,?81,hroark ,0.393524,1,"Thu, 16 Jul 2015 20:55:48 "
845,?81,smota ,0.395413,19,"Mon, 13 Jul 2015 18:08:12 (-2.3d) "
846,?81,poog ,0.396096,2,"Mon, 20 Jul 2015 10:00:14 "
847,?81,A.P.B. ,0.396483,3,"Thu, 16 Jul 2015 22:59:28 "
848,?81,srebuffi ,0.396901,2,"Sun, 05 Jul 2015 17:31:59 (-24.9h) "
849,?81,Crunch Digital ,0.40085,3,"Mon, 27 Jul 2015 05:44:50 (-0.1h) "
850,?80,Adrian MacKinnon ,0.40152,8,"Fri, 31 Jul 2015 15:32:50 (-21.7h) "
851,?79,Dr. Faust ,0.40198,11,"Tue, 28 Jul 2015 23:29:01 "
852,?79,Jayendra Parmar ,0.402044,3,"Mon, 06 Jul 2015 15:01:40 (-4.2d) "
853,?79,Centipede Pipe Valuation ,0.402198,6,"Sun, 05 Jul 2015 18:37:01 (-0.3h) "
854,?79,Albert Anthony D. Gavino ,0.402282,9,"Mon, 06 Jul 2015 05:13:53 (-0.3h) "
855,?79,LeandroCoelho ,0.402569,2,"Thu, 30 Jul 2015 20:13:05 (-42.7h) "
856,?79,Martin ,0.403447,4,"Thu, 09 Jul 2015 02:39:40 (-0.3h) "
857,?79,Aravind ,0.403477,1,"Thu, 09 Jul 2015 07:19:04 "
858,?79,Noel Namai ,0.403854,5,"Fri, 24 Jul 2015 23:19:55 "
859,?79,earino ,0.403885,1,"Fri, 10 Jul 2015 22:39:15 "
860,new,stmct ,0.403922,1,"Mon, 03 Aug 2015 10:17:41 "
861,?80,Zhuoying Wang ,0.404542,4,"Mon, 06 Jul 2015 02:35:08 (-3d) "
862,?80,Vielauge ,0.404565,2,"Fri, 03 Jul 2015 10:20:10 (-0.2h) "
863,?80,REKA ,0.404722,1,"Wed, 15 Jul 2015 15:49:35 "
864,?80,Andrew Jones ,0.40567,3,"Sun, 05 Jul 2015 06:41:23 (-0.2h) "
865,?80,Rahul Agnihotri ,0.405851,1,"Fri, 03 Jul 2015 11:51:32 (-0.2h) "
866,?80,IanInTas ,0.406575,7,"Sun, 26 Jul 2015 04:15:36 (-14.1d) "
867,?80,Vishnu Jakhoria ,0.406937,1,"Sat, 04 Jul 2015 14:52:38 "
868,?80,DavidLucas ,0.408056,4,"Wed, 08 Jul 2015 15:51:32 "
869,?80,DiogoFranco ,0.408751,4,"Sun, 05 Jul 2015 22:22:30 (-0.2h) "
870,?80,Antonio Castellon ,0.409024,1,"Thu, 23 Jul 2015 10:02:09 "
871,?80,Ashish Rane ,0.409565,1,"Mon, 03 Aug 2015 07:43:07 (-27.9d) "
872,?6,Amith ,0.410261,13,"Wed, 05 Aug 2015 06:42:31 (-3.6d) "
873,?81,jcanso ,0.414523,3,"Wed, 01 Jul 2015 18:11:01 "
874,?81,LeptokurticFall ,0.416014,10,"Sat, 04 Jul 2015 01:36:17 "
875,?81,DTang ,0.416226,3,"Mon, 27 Jul 2015 04:12:43 (-1.3h) "
876,?81,Alejandro Gallego ,0.424281,1,"Tue, 30 Jun 2015 04:50:36 "
877,?81,Mariano Beiró ,0.424863,5,"Thu, 30 Jul 2015 13:32:01 "
878,?81,amitozp ,0.428484,11,"Thu, 02 Jul 2015 21:04:27 (-1.9h) "
879,?44,ozymandias90 ,0.428975,7,"Wed, 05 Aug 2015 04:40:12 (-6.8h) "
880,?82,Tim Janssen ,0.429154,1,"Thu, 02 Jul 2015 14:30:23 "
881,?82,returnreturn ,0.432511,7,"Mon, 13 Jul 2015 20:11:45 "
882,?82,Vikram ,0.434815,3,"Fri, 03 Jul 2015 08:52:09 "
883,?82,Mike Bernico ,0.43491,3,"Tue, 14 Jul 2015 13:19:24 (-2.6d) "
884,?82,KushKhurana ,0.437386,2,"Sun, 19 Jul 2015 11:23:40 "
885,?16,SashShetty ,0.441953,13,"Thu, 06 Aug 2015 18:26:25 (-27.2h) "
,,,,,
886,?83,Parapaule ,0.442425,2,"Fri, 17 Jul 2015 12:31:39 (-0.3h) "
887,?83,Telcontar120 ,0.442742,6,"Thu, 02 Jul 2015 15:57:19 "
888,?83,Tony PERKINS ,0.442778,2,"Mon, 27 Jul 2015 02:09:38 (-0.4h) "
889,?81,piby4 ,0.446294,3,"Fri, 31 Jul 2015 12:27:26 (-2.2h) "
890,?81,louisnan ,0.450051,2,"Tue, 28 Jul 2015 11:39:44 "
891,?81,Shiv P ,0.450811,18,"Fri, 31 Jul 2015 05:15:23 (-18h) "
892,?81,Amazing ,0.451739,1,"Wed, 15 Jul 2015 07:48:20 "
893,?81,NewtBeaut ,0.452451,1,"Tue, 07 Jul 2015 17:25:46 "
894,?81,Ganesh ,0.452523,6,"Mon, 27 Jul 2015 11:11:59 "
895,?81,Data Maniacs ,0.452652,1,"Thu, 09 Jul 2015 07:37:36 "
,,,,,
896,?81,??????? ???????? ,0.452725,2,"Tue, 30 Jun 2015 15:23:44 (-0.3h) "
897,?81,Citori ,0.45285,5,"Tue, 30 Jun 2015 02:16:35 (-1.4h) "
898,?81,KZ KZ ,0.452933,1,"Wed, 01 Jul 2015 21:05:05 "
899,?81,kanouske ,0.452948,2,"Tue, 30 Jun 2015 04:29:48 "
900,?81,Marek ,0.453193,5,"Mon, 29 Jun 2015 23:48:38 (-0.7h) "
901,?81,Francis A ,0.454203,45,"Sat, 25 Jul 2015 17:15:06 (-24d) "
902,new,Jeffrey Cohen ,0.4543,1,"Fri, 07 Aug 2015 22:14:23 "
903,?82,Neve ,0.459828,4,"Tue, 28 Jul 2015 17:00:57 (-7.1d) "
904,?81,nithin ,0.466838,1,"Sat, 25 Jul 2015 16:56:58 "
905,?81,Veles ,0.468808,5,"Sun, 12 Jul 2015 04:45:34 (-0.1h) "
906,?81,Suyash Baderiya ,0.474423,1,"Sun, 05 Jul 2015 18:11:50 "
907,?81,kickaha ,0.47607,5,"Fri, 03 Jul 2015 10:30:50 "
908,?81,amgmails ,0.477112,5,"Fri, 17 Jul 2015 22:57:14 "
909,?81,zeroblue ,0.477345,7,"Mon, 03 Aug 2015 23:00:06 (-6.4d) "
910,?81,AbhishekSrivastava ,0.483435,9,"Tue, 07 Jul 2015 20:16:08 (-24.4h) "
911,?81,Shengmin ,0.48648,5,"Sun, 12 Jul 2015 04:04:34 "
912,?81,James Ma ,0.487621,4,"Sun, 26 Jul 2015 00:10:07 "
913,?81,AsankaPerera ,0.487982,1,"Wed, 01 Jul 2015 16:28:29 "
914,?81,Cheemala Madhu 13MCS1013 ,0.488735,2,"Thu, 02 Jul 2015 09:45:45 (-0.7h) "
915,?1,pprv ,0.489316,3,"Fri, 07 Aug 2015 22:39:09 "
916,?82,Russ Boucher ,0.490485,1,"Wed, 01 Jul 2015 20:49:02 "
917,?81,Matt McDonnell ,0.497801,7,"Thu, 06 Aug 2015 10:49:40 (-34.1d) "
918,?80,Thomas and Chris B ,0.500048,3,"Tue, 21 Jul 2015 23:57:10 (-1.8h) "
919,?80,Vivek Singh ,0.501394,2,"Wed, 01 Jul 2015 17:37:20 "
920,?80,Bas Harenslak ,0.504311,1,"Fri, 17 Jul 2015 13:29:45 "
921,?80,Artemka B ,0.504386,1,"Wed, 15 Jul 2015 09:35:30 "
922,?80,Prasadä ,0.504386,1,"Fri, 17 Jul 2015 15:54:40 "
923,?80,Thiago Brito ,0.504386,1,"Sat, 11 Jul 2015 23:58:04 "
924,?80,FlorianBendl ,0.504386,9,"Tue, 28 Jul 2015 19:22:01 (-9d) "
925,?80,DotunOwoade ,0.504409,11,"Mon, 03 Aug 2015 19:38:32 (-10.1d) "
926,?80,rc95401 ,0.505848,17,"Thu, 23 Jul 2015 22:24:53 "
927,?80,Evan Miller ,0.506606,4,"Mon, 13 Jul 2015 06:52:46 "
928,?80,unBingo ,0.506845,19,"Fri, 07 Aug 2015 01:17:08 (-18.4d) "
929,?80,ajtm ,0.507123,1,"Sat, 25 Jul 2015 18:23:37 "
930,new,phrendille ,0.507551,4,"Fri, 07 Aug 2015 14:14:04 (-0.3h) "
931,?81,adisor ,0.509343,2,"Thu, 06 Aug 2015 18:28:47 (-15d) "
932,?62,Ran Locar ,0.511098,10,"Sat, 01 Aug 2015 15:36:40 (-4.6h) "
933,?82,JustinGwak ,0.513025,1,"Tue, 07 Jul 2015 02:00:36 "
934,?82,GonZi ,0.513499,6,"Tue, 28 Jul 2015 12:07:09 "
935,?82,breman27 ,0.514715,1,"Sun, 12 Jul 2015 23:15:52 "
936,new,Watchanin ,0.521423,2,"Fri, 07 Aug 2015 22:24:38 "
937,?82,tgje ,0.526712,2,"Tue, 07 Jul 2015 21:58:47 "
938,?82,sy ,0.530705,3,"Fri, 17 Jul 2015 00:15:48 "
939,?81,macoutouly ,0.534283,1,"Wed, 08 Jul 2015 15:29:06 "
940,?80,MarkHeiler ,0.538057,2,"Wed, 15 Jul 2015 15:14:29 "
941,?80,Matt Downs ,0.541197,4,"Mon, 13 Jul 2015 01:45:07 "
942,?80,Predict ,0.544401,1,"Thu, 09 Jul 2015 09:58:08 "
943,?80,ManOfStats ,0.548202,7,"Mon, 13 Jul 2015 13:14:15 (-4.1d) "
944,?80,brycelen ,0.554316,1,"Tue, 30 Jun 2015 17:55:07 "
945,?80,Henry Eltrut ,0.556113,2,"Sat, 04 Jul 2015 17:53:00 (-3.1d) "
946,?79,Tobias Wolfanger ,0.557052,1,"Thu, 16 Jul 2015 20:22:52 "
947,new,ianpawson ,0.5576,7,"Wed, 05 Aug 2015 22:10:18 "
948,?80,dgea ,0.560543,3,"Wed, 08 Jul 2015 10:30:29 (-0.4h) "
949,?80,Srimal Paris ,0.562267,3,"Thu, 02 Jul 2015 14:56:16 "
950,?79,ACF - RAF ,0.566425,4,"Mon, 06 Jul 2015 13:29:53 "
951,?79,Ram ,0.567362,1,"Wed, 29 Jul 2015 15:46:11 "
952,?79,dilzfiesta ,0.569284,8,"Sun, 12 Jul 2015 08:00:21 (-6.2d) "
953,?79,JJXW ,0.57295,4,"Sat, 04 Jul 2015 07:35:05 "
954,?79,strugk ,0.574711,11,"Wed, 08 Jul 2015 12:19:56 (-18.4h) "
955,?79,Altazor ,0.57576,11,"Fri, 24 Jul 2015 20:11:17 (-18.3h) "
956,?79,seaem ,0.578641,6,"Sun, 05 Jul 2015 05:32:14 (-12.8h) "
957,new,Ken Matz ,0.586689,2,"Wed, 05 Aug 2015 22:15:18 "
958,?80,Thien Tran ,0.587285,1,"Sun, 19 Jul 2015 04:46:35 "
959,?80,DerDasMachenMuss ,0.587316,3,"Fri, 17 Jul 2015 19:04:05 "
960,?32,DuckTile ,0.595382,6,"Fri, 07 Aug 2015 08:35:58 "
961,?81,csongor16 ,0.599087,5,"Sun, 26 Jul 2015 19:55:40 "
962,?81,Steve Bronder ,0.599246,3,"Fri, 24 Jul 2015 19:50:58 (-14.1h) "
963,?81,Brendan Kellam ,0.601245,4,"Sun, 05 Jul 2015 23:57:31 (-3.9d) "
964,?81,Orzhiang ,0.602904,4,"Sun, 19 Jul 2015 14:55:24 "
965,new,JimGoddard ,0.606743,6,"Fri, 07 Aug 2015 05:36:38 (-4d) "
966,?12,atulanand ,0.609027,3,"Mon, 03 Aug 2015 23:13:58 (-0.1h) "
967,?83,dapperdon ,0.609463,2,"Wed, 08 Jul 2015 02:44:57 "
968,?82,Bill Thompson ,0.61063,3,"Sat, 11 Jul 2015 09:30:57 "
969,?79,GarrieD ,0.61316,15,"Fri, 07 Aug 2015 17:14:19 "
970,?83,oldrolehand ,0.614193,4,"Mon, 27 Jul 2015 22:55:26 (-0.3h) "
971,?83,Zachary ,0.61483,2,"Thu, 23 Jul 2015 03:30:30 "
972,?81,cece ,0.621945,2,"Fri, 31 Jul 2015 15:02:22 (-1.1h) "
973,?81,Abhilash Janardhanan ,0.622193,2,"Thu, 02 Jul 2015 19:44:07 "
974,?81,Projective ,0.624487,4,"Fri, 24 Jul 2015 03:29:16 (-14h) "
975,?81,Moon Rabbit ,0.627165,2,"Tue, 30 Jun 2015 01:29:13 (-0.3h) "
976,?81,A* Search ,0.63435,2,"Mon, 06 Jul 2015 00:44:39 "
977,?81,Manish Mahajan ,0.638101,2,"Fri, 17 Jul 2015 08:50:41 (-1.3h) "
978,new,Surya Murali ,0.639684,1,"Sun, 02 Aug 2015 00:12:35 "
979,?82,Abhishek Nagarjuna ,0.649764,4,"Wed, 15 Jul 2015 07:00:28 (-5.7d) "
980,?82,Dash ,0.651301,8,"Sun, 19 Jul 2015 23:43:15 (-26.5h) "
,,,,,
981,?82,ry22 ,0.654981,1,"Fri, 10 Jul 2015 13:38:29 "
982,new,jjk786 ,0.6594,6,"Thu, 06 Aug 2015 20:52:38 (-0.3h) "
983,?83,puffin ,0.674615,5,"Sun, 05 Jul 2015 17:24:43 "
984,?82,MLG ,0.678067,2,"Wed, 29 Jul 2015 19:49:42 "
985,?82,mscp ,0.679086,1,"Sat, 04 Jul 2015 13:20:21 "
986,?82,NoamWeissman ,0.681286,5,"Sun, 26 Jul 2015 09:47:27 "
987,?82,-RR- ,0.691407,8,"Mon, 20 Jul 2015 02:59:05 (-18d) "
988,?82,David Reilly ,0.691407,1,"Mon, 06 Jul 2015 03:49:11 "
989,new,tr33burn ,0.692773,6,"Thu, 06 Aug 2015 20:41:21 "
990,?83,Alessandro.Tortelli ,0.700251,3,"Sun, 12 Jul 2015 01:29:46 "
991,?82,Matt Van Der Hoek ,0.726357,1,"Wed, 01 Jul 2015 13:32:37 "
992,?81,rahulmj ,0.733511,5,"Fri, 24 Jul 2015 23:22:45 "
993,?81,Joerg Rings ,0.734102,1,"Fri, 03 Jul 2015 03:48:58 "
994,?81,Alliance ,0.734471,1,"Tue, 30 Jun 2015 15:22:09 "
995,?81,ChrisM ,0.737522,1,"Fri, 17 Jul 2015 12:25:25 "
996,?81,adi8791 ,0.746817,1,"Thu, 02 Jul 2015 06:15:07 "
997,?80,hughdbrown ,0.753598,2,"Wed, 22 Jul 2015 00:39:09 "
998,?80,prao1 ,0.765803,4,"Sat, 25 Jul 2015 02:30:47 (-19.3h) "
999,?80,Michelle Ma ,0.770692,1,"Wed, 15 Jul 2015 16:00:21 "
1000,?80,rusbro ,0.774267,3,"Tue, 28 Jul 2015 16:51:27 "
1001,?80,arpl ,0.779033,1,"Tue, 30 Jun 2015 17:15:16 "
1002,?55,smeschke ,0.780096,3,"Tue, 04 Aug 2015 03:34:22 "
1003,?81,Piotr Grabowski ,0.780843,3,"Mon, 13 Jul 2015 17:25:17 (-0.1h) "
1004,?81,Angad Gill ,0.781795,13,"Fri, 31 Jul 2015 05:54:31 (-3d) "
1005,?81,DanB ,0.784011,1,"Mon, 20 Jul 2015 22:27:52 "
1006,?81,Inglourious Clasters ,0.78443,2,"Mon, 06 Jul 2015 14:13:36 "
1007,?69,awilliams ,0.792195,23,"Mon, 03 Aug 2015 03:20:40 (-20.9h) "
1008,new,Kuba ,0.800934,2,"Fri, 07 Aug 2015 23:05:48 "
1009,?82,Ovolabean_test ,0.804236,4,"Tue, 30 Jun 2015 14:30:26 "
1010,?81,RossLeedham ,0.809783,4,"Sun, 05 Jul 2015 11:01:19 "
1011,?81,fugusuki ,0.81666,1,"Sat, 04 Jul 2015 06:14:52 "
1012,?81,zomo ,0.826433,3,"Wed, 15 Jul 2015 17:28:26 "
1013,?81,k$ ,0.826433,2,"Sun, 05 Jul 2015 19:12:45 "
,,,,,
1014,?80,Michel Carroll ,0.841894,3,"Wed, 22 Jul 2015 04:24:09 "
1015,?80,Raphael de Moraes Dutenkefer ,0.84952,1,"Sun, 12 Jul 2015 05:34:40 (-0.1h) "
1016,?80,H Pa ,0.855202,6,"Tue, 07 Jul 2015 05:05:23 (-15.1h) "
1017,?80,Christopher Ngan ,0.86267,1,"Mon, 27 Jul 2015 04:21:52 "
1018,?79,Arona Niang ,0.883953,1,"Fri, 17 Jul 2015 13:46:14 "
1019,?79,malr87 ,0.889781,5,"Wed, 01 Jul 2015 20:02:39 "
1020,?79,Sabrina YT Chang ,0.892906,3,"Wed, 01 Jul 2015 20:25:53 "
1021,?79,DhirendraTripathi ,0.908651,1,"Sat, 18 Jul 2015 10:44:38 "
1022,?79,tprado ,0.908758,3,"Thu, 02 Jul 2015 16:52:46 (-2d) "
1023,?79,ScottHsieh ,0.912487,1,"Tue, 30 Jun 2015 00:45:58 "
1024,?79,kishore ,0.912487,1,"Sat, 04 Jul 2015 13:10:30 "
1025,?79,Thomas Cuddihy ,0.91445,1,"Mon, 06 Jul 2015 10:23:34 "
1026,?78,Lucila Chiarvetto Peralta ,0.925105,7,"Thu, 02 Jul 2015 00:12:29 (-3.4h) "
1027,?78,XYZ ,0.925326,1,"Thu, 02 Jul 2015 04:54:49 (-0h) "
1028,?78,dbrait ,0.925326,1,"Thu, 02 Jul 2015 04:58:16 "
1029,?78,Michael Leung ,0.925326,1,"Sat, 04 Jul 2015 00:19:15 "
1030,?78,kotturibala ,0.925326,1,"Thu, 23 Jul 2015 12:26:16 "
1031,?78,monica vijaywargi ,0.925326,1,"Tue, 28 Jul 2015 17:45:51 "
1032,?77,hadzsi ,0.925326,1,"Thu, 30 Jul 2015 11:43:19 "
1033,new,Salil ramani ,0.925326,1,"Wed, 05 Aug 2015 21:10:22 "
1034,?78,YUN IL GEUN ,0.926401,1,"Wed, 08 Jul 2015 06:00:17 "
1035,?78,blackmajic ,0.927162,1,"Sun, 19 Jul 2015 03:54:41 "
1036,?78,Hattiho ,0.927266,2,"Thu, 16 Jul 2015 00:09:32 (-0.2h) "
1037,?78,Kannappan Sirchabesan ,0.927277,1,"Sun, 05 Jul 2015 22:38:05 "
1038,?78,Steven Watson ,0.927277,3,"Sun, 19 Jul 2015 04:05:52 (-0.4h) "
1039,?78,Asur ,0.927277,1,"Sun, 19 Jul 2015 19:19:05 "
1040,?78,Mohammed Medhat ,0.927277,2,"Thu, 02 Jul 2015 12:13:58 "
1041,?78,jdmull ,0.927277,9,"Sat, 04 Jul 2015 21:04:09 (-0.2h) "
1042,?78,saxinmm ,0.928195,1,"Sun, 19 Jul 2015 08:13:35 (-0.2h) "
1043,new,aocampor ,0.928824,10,"Fri, 07 Aug 2015 21:09:52 (-35.2h) "
1044,?79,Epigos ,0.93327,1,"Thu, 02 Jul 2015 00:03:27 "
1045,?79,Mahalakshmi S V ,0.93327,1,"Thu, 09 Jul 2015 04:35:14 "
1046,?79,Sandene ,0.934666,1,"Fri, 17 Jul 2015 09:16:11 "
1047,new,P Kelly ,0.974635,3,"Tue, 04 Aug 2015 16:37:01 (-20.7h) "
1048,new,Kelvin ,1.037225,3,"Fri, 07 Aug 2015 20:54:28 (-0.2h) "
1049,?78,PrashantJain ,1.149447,1,"Fri, 31 Jul 2015 06:22:27 "
1050,?78,hikomimo ,1.160438,1,"Sun, 05 Jul 2015 10:38:43 "
1051,?78,bender ,1.167313,4,"Mon, 13 Jul 2015 11:52:54 (-10d) "
1052,?78,zacstewart ,1.241404,1,"Sat, 04 Jul 2015 19:30:47 "
1053,?78,Benson ,1.285439,1,"Wed, 29 Jul 2015 03:09:22 "
1054,?78,carysam ,1.333677,1,"Tue, 21 Jul 2015 23:06:40 "
1055,?78,Goalminer ,1.370208,5,"Wed, 01 Jul 2015 02:45:40 "
1056,?78,PioBeat ,1.77394,1,"Fri, 17 Jul 2015 14:35:36 "
1057,?78,Shubbs ,1.861676,1,"Sat, 11 Jul 2015 21:57:55 "
1058,new,MalakaGL ,1.895936,1,"Sun, 02 Aug 2015 15:34:02 "
,,All Zeros Benchmark,2.349878,,
,,,,,
,,,,,
1059,?79,Duck ,2.349878,1,"Mon, 29 Jun 2015 16:44:56 "
1060,?79,cocoknight ,2.349878,1,"Mon, 29 Jun 2015 17:13:38 "
1061,?79,Dmitry Dryomov (YSDA) ,2.349878,1,"Mon, 29 Jun 2015 17:13:41 "
1062,?79,Soumojit Kumar ,2.349878,1,"Tue, 30 Jun 2015 06:37:12 "
1063,?79,?? ? ,2.349878,1,"Tue, 30 Jun 2015 12:51:08 "
1064,?79,chreeky ,2.349878,1,"Tue, 30 Jun 2015 19:43:52 "
1065,?79,Vikram Jha ,2.349878,1,"Wed, 01 Jul 2015 00:39:04 "
1066,?79,azneye ,2.349878,1,"Wed, 01 Jul 2015 04:16:49 "
1067,?79,James Dale ,2.349878,1,"Wed, 01 Jul 2015 07:44:23 "
1068,?79,data-science ,2.349878,1,"Wed, 01 Jul 2015 23:58:48 "
1069,?79,ultron ,2.349878,1,"Fri, 03 Jul 2015 11:23:56 "
1070,?78,Cornspierre ,2.349878,1,"Mon, 06 Jul 2015 14:50:16 "
1071,?78,Christopher Thompson ,2.349878,1,"Tue, 07 Jul 2015 00:19:59 "
1072,?78,MANOJKUMAR PARMAR ,2.349878,1,"Tue, 07 Jul 2015 10:13:49 "
1073,?78,Artem (I want to PZAD) ,2.349878,1,"Tue, 07 Jul 2015 17:04:48 "
1074,?78,mnrl ,2.349878,1,"Wed, 08 Jul 2015 00:42:09 "
1075,?78,David Hiemenga ,2.349878,1,"Wed, 08 Jul 2015 19:16:21 "
1076,?78,Firhat Nawfan Hilmanda ,2.349878,1,"Fri, 10 Jul 2015 07:39:33 "
1077,?78,Nilesh Kadam ,2.349878,1,"Tue, 14 Jul 2015 18:30:26 "
1078,?78,Byron Wall ,2.349878,1,"Wed, 15 Jul 2015 00:53:39 "
1079,?78,Yogurt ,2.349878,1,"Thu, 16 Jul 2015 22:37:34 "
1080,?78,GKHI ,2.349878,1,"Fri, 17 Jul 2015 14:17:28 "
1081,?78,Naveen Sundaresan ,2.349878,1,"Mon, 20 Jul 2015 07:18:59 "
1082,?78,Michel Blaauw ,2.349878,1,"Mon, 20 Jul 2015 14:13:17 "
1083,?78,?? ? ,2.349878,1,"Fri, 24 Jul 2015 16:06:22 "
1084,?78,Mania Yang ,2.349878,1,"Sat, 25 Jul 2015 20:07:20 "
1085,?78,nlrcmani ,2.349878,1,"Sun, 26 Jul 2015 07:10:08 "
1086,new,Yan Yan ,2.91136,1,"Sat, 01 Aug 2015 23:48:33 "
1087,?78,Kyle Olson ,3.352038,3,"Mon, 06 Jul 2015 19:31:46 (-0.2h) "
1088,?78,Sam C ,18.337582,1,"Sun, 12 Jul 2015 01:00:05 "
