1,—,Dance with Ensemble ,0.209927,135,"Mon, 03 Aug 2015 19:50:07 (-23.1h) "
,,*,,,
2,—,Josef Feigl *,0.213731,8,"Mon, 27 Jul 2015 19:43:39 "
3,—,Herra Huu *,0.21374,21,"Fri, 31 Jul 2015 17:07:39 (-2.1d) "
4,—,Transatlantic ,0.213937,150,"Tue, 04 Aug 2015 06:00:17 (-17.9h) "
,,,,,
5,—,weimin wang ,0.214532,71,"Fri, 31 Jul 2015 01:59:01 (-14.7h) "
6,—,S & A ,0.215407,105,"Sun, 26 Jul 2015 22:49:01 "
,,,,,
7,?14,Yannick ,0.215501,33,"Sun, 02 Aug 2015 03:04:55 (-0.9h) "
8,?3,B & N ,0.215647,79,"Tue, 04 Aug 2015 03:56:40 "
,,,,,
9,?2,Lift Science ,0.215948,60,"Wed, 29 Jul 2015 22:54:03 (-41.9h) "
,,,,,
10,?2,Paf! ,0.216823,58,"Tue, 04 Aug 2015 06:20:29 (-13d) "
,,,,,
11,?2,OCTO Guys ,0.216969,20,"Sat, 25 Jul 2015 21:41:34 "
,,,,,
12,?2,Euclides Filho ,0.217085,100,"Mon, 03 Aug 2015 11:15:48 (-4.6d) "
13,?1,Hamed ,0.218182,52,"Mon, 03 Aug 2015 12:26:34 (-6.9d) "
14,?1,mandelbrot ,0.218362,38,"Mon, 27 Jul 2015 11:50:01 "
15,?1,Chenglong Chen ,0.218536,30,"Wed, 22 Jul 2015 01:41:06 (-1.2h) "
16,?16,Patrick Blackwill ,0.218624,61,"Mon, 03 Aug 2015 12:41:55 (-5.7d) "
17,?2,Gen.Y ,0.219068,29,"Tue, 04 Aug 2015 01:26:43 (-8.1d) "
18,?2,Yongchan&Gabo ,0.219281,77,"Sun, 26 Jul 2015 21:47:13 "
,,,,,
19,?2,ftl ,0.219284,26,"Mon, 03 Aug 2015 03:01:19 (-5.9d) "
20,?10,aokh89 ,0.219356,68,"Sun, 02 Aug 2015 20:01:47 (-3.3d) "
21,?5,random_capivara ,0.219413,103,"Tue, 04 Aug 2015 03:37:28 (-3.5h) "
,,,,,
22,?3,Matias Thayer ,0.219519,31,"Tue, 04 Aug 2015 01:53:33 (-2.1d) "
23,?5,jlef ,0.21958,106,"Sat, 01 Aug 2015 09:19:20 (-0h) "
24,?5,G & M ,0.219666,83,"Tue, 04 Aug 2015 03:20:15 (-3.3d) "
,,,,,
25,?13,chrisslz ,0.219692,35,"Mon, 03 Aug 2015 21:49:34 "
26,?6,ReynaldRivière ,0.219695,41,"Sun, 02 Aug 2015 22:07:05 (-4d) "
27,?203,eureka ,0.219966,41,"Tue, 04 Aug 2015 05:57:56 "
,,,,,
28,?273,MDT ,0.220286,83,"Tue, 04 Aug 2015 01:05:21 (-26.4h) "
,,,,,
29,?7,Sergey Yurgenson ,0.220312,18,"Sun, 02 Aug 2015 21:43:13 "
30,?25,nsaha ,0.220712,35,"Mon, 03 Aug 2015 20:25:48 (-29.7h) "
31,?8,Bluefool ,0.220795,60,"Mon, 03 Aug 2015 21:59:13 (-9d) "
32,?8,Giovanni ,0.220898,55,"Mon, 03 Aug 2015 21:59:17 (-7.1d) "
33,?8,Jianmin Sun ,0.220901,29,"Mon, 27 Jul 2015 01:47:16 "
34,?7,AlexArgus ,0.221192,31,"Sat, 01 Aug 2015 05:12:04 (-23.1d) "
35,?19,Silogram ,0.221409,36,"Sun, 02 Aug 2015 08:12:48 (-0.1h) "
36,?22,catz ,0.221581,59,"Mon, 03 Aug 2015 21:18:19 (-5.4h) "
37,new,nhlx5haze ,0.221604,3,"Fri, 31 Jul 2015 20:43:16 (-0h) "
38,?10,Evgeny Eltyshev (I want to PZAD) ,0.22163,36,"Fri, 31 Jul 2015 21:19:17 (-4.3d) "
39,?9,vivi ,0.221702,59,"Mon, 03 Aug 2015 12:45:21 (-3d) "
40,?9,Ivanhoe ,0.222145,26,"Thu, 23 Jul 2015 10:26:17 (-0.1h) "
41,?4,YetiMan ,0.222151,66,"Sun, 02 Aug 2015 02:16:51 (-0.1h) "
42,?9,daniel ,0.222367,24,"Fri, 24 Jul 2015 22:26:54 (-26.6h) "
43,?9,Scott Smith ,0.222481,34,"Thu, 30 Jul 2015 17:55:49 (-9.2d) "
44,?9,Victor K ,0.222563,46,"Sun, 02 Aug 2015 15:02:53 (-13.8d) "
45,?9,mind.cool ,0.222572,6,"Wed, 15 Jul 2015 13:34:37 (-32.3h) "
46,?42,sunland ,0.222645,26,"Sun, 02 Aug 2015 06:26:47 (-24.3h) "
47,?23,D & A ,0.222978,52,"Mon, 03 Aug 2015 16:08:23 (-3.3d) "
,,,,,
48,?9,Franc Bra?un ,0.223106,18,"Tue, 28 Jul 2015 10:45:02 "
49,?86,Charles ,0.223125,16,"Sun, 02 Aug 2015 08:13:31 "
50,?10,Sergey Tilga (I want to PZAD) ,0.223288,41,"Mon, 03 Aug 2015 22:28:38 (-8.6d) "
51,?20,pco__ ,0.223441,47,"Mon, 03 Aug 2015 17:12:18 "
52,?30,Andrey Akhmetov (I want to PZAD) ,0.223456,43,"Thu, 30 Jul 2015 06:21:10 (-16.7h) "
53,?42,Mahi Karim ,0.223517,23,"Mon, 03 Aug 2015 23:03:25 (-2.9d) "
54,?13,DanielPace ,0.223533,16,"Tue, 28 Jul 2015 16:59:45 (-5d) "
55,?12,Ali ,0.223672,134,"Tue, 04 Aug 2015 00:12:32 (-26.9h) "
56,?14,snow & carl ,0.224079,31,"Tue, 28 Jul 2015 17:57:44 (-41.6h) "
,,,,,
57,?12,VijaySathish ,0.224153,62,"Tue, 28 Jul 2015 17:48:48 "
58,?14,Victor Mayrink ,0.224306,43,"Tue, 04 Aug 2015 03:23:38 (-14.7d) "
59,?13,wlpdlut ,0.224706,65,"Mon, 20 Jul 2015 12:26:32 (-7d) "
60,?78,wally ,0.224729,78,"Tue, 04 Aug 2015 02:02:41 (-29.1h) "
61,?164,gooron ,0.224768,34,"Mon, 03 Aug 2015 09:23:26 "
62,?128,Mechanical Engineers.. ,0.224884,28,"Sun, 02 Aug 2015 14:30:20 (-2.2d) "
,,,,,
63,?218,azml ,0.225114,64,"Tue, 04 Aug 2015 06:36:42 (-13h) "
64,?125,omgponies ,0.225116,41,"Thu, 30 Jul 2015 16:05:24 (-28.2h) "
65,?18,Denis Tsitko (I want to PZAD) ,0.22518,74,"Wed, 29 Jul 2015 15:21:27 (-7.1d) "
66,?17,Maryam Teimoori ,0.225252,5,"Mon, 27 Jul 2015 23:13:02 (-0.4h) "
67,?17,DataGeek ,0.225381,35,"Mon, 27 Jul 2015 06:08:34 (-2.4d) "
68,?17,AlexanderWalker ,0.225406,35,"Sat, 01 Aug 2015 03:02:23 (-7.6d) "
69,?17,Stathis Ilonidis ,0.225487,29,"Tue, 14 Jul 2015 16:20:10 (-14.8h) "
70,?17,Jun Hao Ho ,0.225502,31,"Tue, 21 Jul 2015 16:34:04 (-4.4d) "
71,?11,NxGTR ,0.225552,83,"Tue, 04 Aug 2015 06:39:48 "
72,?16,sravn ,0.225937,109,"Mon, 03 Aug 2015 06:32:38 (-8.9d) "
73,?16,Josh Stone ,0.226019,20,"Thu, 16 Jul 2015 03:46:53 (-9.9d) "
74,?15,??????? ,0.22602,99,"Tue, 04 Aug 2015 06:17:27 (-0.1h) "
75,?57,themasterofrobots ,0.226133,67,"Tue, 04 Aug 2015 05:17:51 (-4.3d) "
76,?15,Phillip Chilton Adkins ,0.226231,3,"Tue, 14 Jul 2015 03:14:32 "
77,?66,mac475 (????) ,0.226314,77,"Tue, 04 Aug 2015 02:44:12 (-3.9d) "
78,?16,Wei Wu ,0.22636,71,"Mon, 03 Aug 2015 22:39:34 (-4d) "
79,?213,corbetew ,0.226379,13,"Sat, 01 Aug 2015 00:34:58 (-23.5h) "
80,?17,Patrick Chan ,0.2264,79,"Tue, 04 Aug 2015 03:49:11 (-7.9d) "
81,?49,Abhishek ,0.226403,37,"Thu, 30 Jul 2015 16:04:34 "
82,?18,jpopham91 ,0.22642,51,"Wed, 15 Jul 2015 23:30:21 (-0.1h) "
83,?6,Vincent Firmansyah ,0.226467,52,"Fri, 31 Jul 2015 15:17:00 (-0.1h) "
84,?19,anoosh ,0.226471,20,"Mon, 27 Jul 2015 20:31:48 (-0.3h) "
85,?19,Vladimir Larin ,0.226585,32,"Wed, 29 Jul 2015 13:09:57 (-3.8d) "
86,?19,Adam W ,0.226728,74,"Sun, 26 Jul 2015 04:33:19 "
87,new,krishna ,0.226882,10,"Tue, 04 Aug 2015 02:51:57 (-3.1h) "
88,?20,Luis Andre Dutra e Silva ,0.226989,47,"Tue, 14 Jul 2015 02:12:53 (-24.8h) "
89,?20,JeffH ,0.227007,16,"Thu, 23 Jul 2015 22:38:16 "
90,new,Sogatsuel ,0.227026,4,"Mon, 03 Aug 2015 03:49:20 "
91,?2,You have no chance to survive make your time. ,0.227088,46,"Tue, 04 Aug 2015 03:22:24 (-25.2h) "
92,?17,Invati Ram ,0.227216,55,"Thu, 30 Jul 2015 13:00:07 (-30.8h) "
93,?21,shail ,0.227306,7,"Sat, 25 Jul 2015 01:10:59 (-2.3d) "
94,?21,gregl ,0.227339,16,"Sun, 12 Jul 2015 13:51:00 "
95,?21,Emilio Simoni ,0.227389,54,"Fri, 31 Jul 2015 12:22:20 (-7.7d) "
96,?20,anton ,0.227513,79,"Wed, 29 Jul 2015 00:02:41 (-41.6h) "
97,?20,AghilRS ,0.227596,9,"Fri, 24 Jul 2015 04:23:37 (-12.2h) "
98,?20,Konstantina ,0.227621,25,"Sun, 26 Jul 2015 16:42:30 (-9.8d) "
99,?20,Gino ,0.227694,16,"Thu, 23 Jul 2015 03:42:29 (-0h) "
100,?20,platonic ,0.227718,35,"Mon, 27 Jul 2015 09:38:06 "
101,?258,Gerome Pistre ,0.227941,52,"Tue, 04 Aug 2015 00:51:29 (-41.7h) "
102,?21,Yashwanth Reddy ,0.227957,41,"Wed, 22 Jul 2015 13:26:58 (-32h) "
103,?117,D Lyzer ,0.228003,20,"Sun, 02 Aug 2015 16:50:31 "
104,?21,clustifier ,0.228026,28,"Mon, 03 Aug 2015 00:01:28 (-6.1d) "
105,?442,Evdilos_Ikaria ,0.228121,87,"Mon, 03 Aug 2015 20:46:22 (-0.9h) "
106,?22,grizzli3k ,0.22815,21,"Mon, 27 Jul 2015 22:26:24 "
107,?22,DSXL ,0.228153,13,"Mon, 27 Jul 2015 08:18:05 "
108,?22,vbk ,0.228196,65,"Thu, 30 Jul 2015 13:26:26 (-2.8d) "
109,?22,chenhan zhang ,0.228252,43,"Tue, 04 Aug 2015 02:37:32 (-14.7d) "
110,?34,Allmendinger ,0.228435,35,"Mon, 03 Aug 2015 10:37:49 (-24.5h) "
111,new,repopizze ,0.22852,23,"Mon, 03 Aug 2015 20:31:31 (-27.5h) "
,,,,,
112,?22,ChipMonkey ,0.228612,3,"Mon, 27 Jul 2015 17:53:02 "
113,?15,Anjana Agrawal ,0.228624,56,"Mon, 03 Aug 2015 15:56:13 "
114,?600,Anjali Gupta Arya ,0.228624,6,"Tue, 04 Aug 2015 05:23:55 (-0.1h) "
115,?165,Evilbot ,0.228624,27,"Mon, 03 Aug 2015 14:33:30 (-0.3h) "
116,?97,ITankoyeu ,0.228624,5,"Mon, 03 Aug 2015 14:20:09 "
117,?49,vettipaiyan ,0.228624,6,"Mon, 03 Aug 2015 16:11:29 "
118,?8,Damian Mingle ,0.228624,3,"Mon, 03 Aug 2015 17:18:53 "
119,?14,Gurupad S. Hegde ,0.228624,31,"Mon, 03 Aug 2015 17:19:40 "
120,new,Scirpus ,0.228624,5,"Mon, 03 Aug 2015 17:55:01 (-0.5h) "
121,—,iron0012 ,0.228624,6,"Mon, 03 Aug 2015 18:35:45 "
122,?350,alex ,0.228624,25,"Mon, 03 Aug 2015 18:50:22 "
123,?24,karanamsairaviteja ,0.228624,37,"Mon, 03 Aug 2015 19:03:04 "
124,?152,stLone ,0.228624,22,"Mon, 03 Aug 2015 20:59:17 (-0h) "
125,?28,test ,0.228624,14,"Mon, 03 Aug 2015 21:51:11 "
126,?22,lancerts ,0.228624,19,"Mon, 03 Aug 2015 22:07:28 "
127,?26,krishnateja ,0.228624,18,"Mon, 03 Aug 2015 22:09:09 "
128,new,rerun ,0.228624,1,"Tue, 04 Aug 2015 01:00:55 "
129,?22,Subhajit Mandal ,0.228624,36,"Tue, 04 Aug 2015 02:24:09 (-0.1h) "
130,?20,Scott Carmack ,0.228624,34,"Tue, 04 Aug 2015 04:08:14 "
131,?337,nanoData ,0.228624,6,"Tue, 04 Aug 2015 06:21:31 "
132,?36,Kumaresh ,0.228625,41,"Tue, 04 Aug 2015 04:37:09 "
133,?42,Alexander Larko ,0.228632,9,"Sun, 26 Jul 2015 13:45:43 "
134,?288,dakindia ,0.228638,22,"Mon, 03 Aug 2015 06:43:26 (-0.1h) "
135,?43,Jose Jimenez ,0.228639,65,"Sun, 26 Jul 2015 07:17:22 (-0h) "
136,?50,cud155 ,0.228642,42,"Mon, 03 Aug 2015 04:11:59 "
137,?3,A-Team ,0.228643,77,"Fri, 31 Jul 2015 01:47:28 (-23.5h) "
138,?12,Olivier ,0.228684,16,"Thu, 30 Jul 2015 14:06:32 (-2.1d) "
139,?80,harjeet ,0.228684,5,"Fri, 31 Jul 2015 15:55:34 "
140,?100,Citril ,0.228689,37,"Tue, 04 Aug 2015 06:39:59 (-27.4h) "
141,?1,Fernando Constantino ,0.22869,34,"Fri, 31 Jul 2015 12:25:13 (-0h) "
142,?48,DL ,0.228697,3,"Mon, 27 Jul 2015 11:56:03 "
143,?6,Pinak Panigrahi ,0.228697,56,"Wed, 29 Jul 2015 04:30:37 "
144,?46,Mathn ,0.228697,20,"Sun, 26 Jul 2015 05:21:55 "
145,?45,Willie Liao ,0.228697,5,"Sun, 26 Jul 2015 07:20:35 "
146,?44,Philippe Lonjoux ,0.228697,39,"Sun, 26 Jul 2015 09:10:44 "
147,?44,Gregory Demin ,0.228697,5,"Sun, 26 Jul 2015 12:15:47 "
148,?42,Kirubakumaresh ,0.228697,3,"Sun, 26 Jul 2015 16:37:27 "
149,?41,CodeBender ,0.228697,47,"Sun, 26 Jul 2015 17:40:05 "
150,?41,lcl ,0.228697,7,"Sun, 26 Jul 2015 21:40:42 "
151,?40,Evgenii Nesterenko ,0.228697,7,"Tue, 28 Jul 2015 02:50:02 (-21.9h) "
152,?40,noobhound ,0.228697,38,"Mon, 27 Jul 2015 06:08:11 "
153,?40,Hassan Ghozlan ,0.228697,18,"Mon, 27 Jul 2015 06:12:38 "
154,?40,ibra ,0.228697,23,"Mon, 27 Jul 2015 06:18:23 "
155,?40,Attila Balogh ,0.228697,21,"Mon, 27 Jul 2015 09:18:21 "
156,?40,?????? ,0.228697,9,"Mon, 27 Jul 2015 09:58:33 "
157,?40,Boris Shminke ,0.228697,6,"Mon, 27 Jul 2015 10:41:24 "
158,?40,Sergei Bugrov ,0.228697,21,"Mon, 27 Jul 2015 11:13:03 "
159,?40,Obel ,0.228697,6,"Mon, 27 Jul 2015 12:17:58 "
160,?40,hMnshu ,0.228697,5,"Mon, 27 Jul 2015 13:55:37 "
161,?39,lnicalo ,0.228697,2,"Mon, 27 Jul 2015 20:32:36 "
162,?39,Harshaneel Gokhale ,0.228697,7,"Tue, 28 Jul 2015 00:18:05 "
163,?39,Max ,0.228697,14,"Tue, 28 Jul 2015 01:57:37 (-0.1h) "
164,?39,/r/datascience ,0.228697,19,"Tue, 28 Jul 2015 02:56:42 "
,,,,,
165,?38,nopq ,0.228697,15,"Fri, 31 Jul 2015 06:30:16 (-3.1d) "
166,?38,Nilotpal Sinha ,0.228697,13,"Tue, 28 Jul 2015 10:18:23 "
167,?9,philL ,0.228697,10,"Tue, 28 Jul 2015 11:18:19 "
168,?44,Alexandros ,0.228697,7,"Mon, 03 Aug 2015 15:09:11 (-5.6d) "
169,new,Matt 2 ,0.228697,1,"Wed, 29 Jul 2015 09:18:02 "
170,new,datayo ,0.228697,1,"Wed, 29 Jul 2015 09:31:53 "
171,?39,amoyakd ,0.228697,7,"Wed, 29 Jul 2015 11:28:40 "
172,?7,Carlos J ,0.228697,18,"Wed, 29 Jul 2015 12:16:49 "
173,?363,Brad Dixon ,0.228697,24,"Mon, 03 Aug 2015 14:57:27 (-5d) "
174,new,U023 ,0.228697,1,"Wed, 29 Jul 2015 22:18:50 "
175,new,Nikesh Bajaj ,0.228697,2,"Wed, 29 Jul 2015 22:26:26 "
176,?27,Udaya Bhanu ,0.228697,41,"Thu, 30 Jul 2015 04:49:26 "
177,?244,Weipeng Zhang ,0.228697,3,"Thu, 30 Jul 2015 06:57:30 "
178,?153,Furious Panda ,0.228697,13,"Sat, 01 Aug 2015 22:48:55 (-2d) "
,,,,,
179,?49,??????? ,0.228697,19,"Thu, 30 Jul 2015 22:21:44 "
180,?387,Madhuparna ,0.228697,17,"Mon, 03 Aug 2015 06:18:46 (-3.1d) "
181,?13,Zichen Wang ,0.228697,12,"Fri, 31 Jul 2015 11:04:28 "
182,?397,muhubby1 ,0.228697,12,"Sun, 02 Aug 2015 16:15:18 (-2.2d) "
183,?26,Janek ,0.228697,10,"Fri, 31 Jul 2015 12:27:27 "
184,new,Phil Culliton ,0.228697,15,"Sun, 02 Aug 2015 21:04:52 (-46.3h) "
185,?224,Strawberry_Field ,0.228697,2,"Sat, 01 Aug 2015 20:22:58 "
186,?21,Olalekan ,0.228697,5,"Sun, 02 Aug 2015 04:09:17 (-5.1h) "
187,new,Elijah Paling ,0.228697,1,"Sun, 02 Aug 2015 10:07:40 "
188,new,Mostafa ,0.228697,3,"Sun, 02 Aug 2015 11:32:06 "
189,?184,Ginga Yoshizawa ,0.228697,12,"Sun, 02 Aug 2015 13:53:55 "
190,?19,thedoctor46 ,0.228697,2,"Sun, 02 Aug 2015 18:15:35 "
191,?39,Thomas Jungblut ,0.228697,10,"Sun, 02 Aug 2015 20:04:54 "
192,?8,sidb ,0.228697,5,"Mon, 03 Aug 2015 19:51:37 (-2h) "
193,?24,Chippy ,0.228698,22,"Sun, 02 Aug 2015 22:33:21 "
194,?65,cydonia ,0.228699,2,"Mon, 27 Jul 2015 22:11:42 "
195,?283,Shubin ,0.228699,11,"Sat, 01 Aug 2015 19:07:23 (-3.6d) "
196,?219,udit saini ,0.228699,21,"Sun, 02 Aug 2015 11:58:30 (-3.2d) "
197,new,ask788 ,0.228699,1,"Thu, 30 Jul 2015 15:27:12 "
198,?67,Charlotte Bourne ,0.228787,26,"Mon, 27 Jul 2015 00:10:05 "
199,?63,monkeytater ,0.228836,51,"Mon, 03 Aug 2015 17:59:08 (-0.3h) "
200,?67,Krishna Chaitanya ,0.228849,26,"Mon, 13 Jul 2015 03:28:49 "
,,,,,
201,?67,SVJ24 ,0.228887,13,"Mon, 20 Jul 2015 17:15:23 "
202,?29,pseud0nym ,0.228926,50,"Mon, 03 Aug 2015 21:05:37 (-0.1h) "
203,?66,arnaud demytt ,0.228936,12,"Tue, 21 Jul 2015 21:39:04 "
204,?13,Santanu ,0.229047,105,"Tue, 04 Aug 2015 01:37:52 (-7.9h) "
205,?66,Adi ,0.229105,3,"Sat, 25 Jul 2015 00:16:37 "
206,?65,sarah ,0.229168,2,"Sat, 25 Jul 2015 22:00:29 "
207,?35,Tanay ,0.229168,57,"Thu, 30 Jul 2015 22:22:25 (-2.3d) "
208,?277,Aditya Challa ,0.229168,19,"Fri, 31 Jul 2015 19:17:29 "
209,?64,pastor_TT ,0.229332,26,"Tue, 21 Jul 2015 12:00:28 (-26.3h) "
210,?64,achm ,0.229354,24,"Tue, 04 Aug 2015 02:09:46 (-15d) "
211,?64,gingerman ,0.229355,36,"Sat, 18 Jul 2015 06:12:59 "
212,?64,ROINdatageeks ,0.229414,96,"Mon, 03 Aug 2015 10:54:12 (-11.2d) "
,,,,,
213,?25,gbakie ,0.229445,12,"Wed, 29 Jul 2015 03:11:32 (-0.1h) "
214,?51,Kranthineo92 ,0.2295,27,"Tue, 04 Aug 2015 04:05:10 (-6.2d) "
215,?64,Pan Tofelek ,0.229534,35,"Mon, 03 Aug 2015 18:59:30 (-13.1d) "
216,?63,RKR ,0.229534,18,"Mon, 03 Aug 2015 03:31:42 (-11.4d) "
217,?63,Priyansu ,0.229534,20,"Thu, 23 Jul 2015 06:06:01 "
218,?63,Sadegh ,0.229534,12,"Thu, 23 Jul 2015 08:56:02 "
219,?63,Sathish.S ,0.229534,4,"Thu, 23 Jul 2015 09:57:00 "
220,?61,Ayman Khalafallah ,0.229534,5,"Thu, 23 Jul 2015 19:23:21 "
221,?61,Malai ,0.229534,1,"Thu, 23 Jul 2015 22:09:42 "
222,?61,rilut ,0.229534,11,"Fri, 24 Jul 2015 03:51:13 "
223,?61,victor_cantor ,0.229534,37,"Mon, 03 Aug 2015 06:23:17 (-9.9d) "
224,?60,Harshal ,0.229534,6,"Fri, 24 Jul 2015 09:02:16 "
225,?60,Dreamastiy ,0.229534,16,"Fri, 24 Jul 2015 10:50:28 "
226,?59,Timmy Shen ,0.229534,5,"Fri, 24 Jul 2015 21:55:45 "
227,?59,Rahul Gupta ,0.229534,1,"Sat, 25 Jul 2015 14:18:08 "
228,?59,????? ????????? (I want to PZAD) ,0.229534,2,"Sat, 25 Jul 2015 16:50:59 "
229,?59,Chris Maki ,0.229534,1,"Sat, 25 Jul 2015 19:33:18 "
230,?57,Tetsuro Tayama ,0.22954,10,"Wed, 22 Jul 2015 19:27:01 "
231,?57,Harbet Fastro ,0.229599,12,"Mon, 20 Jul 2015 00:48:50 (-0.2h) "
232,?57,Upul Bandara ,0.229599,5,"Mon, 20 Jul 2015 04:18:08 (-0h) "
233,?57,Chitrasen ,0.229599,5,"Wed, 22 Jul 2015 03:03:29 (-38.1h) "
234,?57,SkyLibrary ,0.229599,3,"Mon, 20 Jul 2015 19:01:33 "
235,?57,Signipinnis ,0.229599,10,"Tue, 21 Jul 2015 04:06:27 "
236,?56,Dimos Kapetis ,0.229599,31,"Wed, 29 Jul 2015 07:26:42 (-7.8d) "
237,?56,Chang Gao ,0.229599,24,"Thu, 23 Jul 2015 07:15:46 (-0.8h) "
238,?56,Artem Antipov ,0.229643,56,"Thu, 23 Jul 2015 21:11:18 (-2.6d) "
239,?56,secauvr ,0.229731,5,"Tue, 21 Jul 2015 19:58:27 "
240,?55,Jens Hemelaer ,0.229865,15,"Sat, 25 Jul 2015 20:35:41 (-3.3h) "
241,?54,threecourse ,0.229968,37,"Sun, 02 Aug 2015 06:20:27 "
242,?50,Raphael CHARRIEZ ,0.230556,29,"Fri, 17 Jul 2015 13:38:48 (-5.2h) "
243,?50,Dandy ,0.230578,5,"Thu, 16 Jul 2015 21:14:16 "
244,?49,Peadar Coyle ,0.230703,50,"Sun, 02 Aug 2015 10:30:00 (-5.5d) "
245,?49,YaTa ,0.230746,1,"Tue, 21 Jul 2015 04:51:33 "
246,?49,ZHAN ,0.23079,45,"Thu, 23 Jul 2015 18:44:04 (-3.7d) "
247,?1,Cydal ,0.230811,27,"Mon, 03 Aug 2015 20:55:33 (-6.1d) "
248,?50,vipito ,0.230944,13,"Mon, 27 Jul 2015 17:19:32 "
249,?288,CDIPS2015_CAT ,0.231102,15,"Tue, 04 Aug 2015 01:38:04 "
,,,,,
250,new,IshanAntony ,0.231166,1,"Tue, 04 Aug 2015 02:29:05 "
251,?366,SreekanthJujare ,0.231196,29,"Mon, 03 Aug 2015 15:40:39 (-4.1d) "
252,?18,nanjunxiao ,0.23122,33,"Tue, 28 Jul 2015 17:00:55 "
253,new,Sriram Rajendiran ,0.231223,5,"Wed, 29 Jul 2015 10:45:53 "
254,new,Isakov ,0.231223,7,"Sun, 02 Aug 2015 00:12:03 "
255,?56,ehk116 ,0.23146,14,"Sun, 19 Jul 2015 03:41:10 "
256,?56,SilverStone ,0.231523,28,"Thu, 23 Jul 2015 17:22:29 (-0h) "
257,?56,Mujtaba Hasan ,0.23154,27,"Fri, 17 Jul 2015 14:05:35 (-32.1h) "
258,?72,Alain Chau ,0.231557,16,"Thu, 30 Jul 2015 06:58:13 (-4.5h) "
259,?57,yifan xie ,0.231596,14,"Wed, 15 Jul 2015 20:55:34 "
260,?55,Tarun ,0.231652,1,"Tue, 14 Jul 2015 06:03:27 "
261,?55,namir_K ,0.231652,21,"Tue, 14 Jul 2015 18:39:44 "
262,?54,Yogesh Pargaien ,0.231652,5,"Thu, 16 Jul 2015 15:11:38 (-21.8h) "
263,?54,Andrew Matteson ,0.231652,29,"Wed, 15 Jul 2015 21:52:51 (-0.1h) "
264,?53,A. Si ,0.231652,3,"Mon, 27 Jul 2015 23:57:32 (-11d) "
265,?51,rabish kumar ,0.231652,15,"Fri, 17 Jul 2015 19:19:46 "
266,?51,Drendar ,0.231652,1,"Sat, 18 Jul 2015 11:44:38 "
267,?51,zacks ,0.231663,13,"Fri, 17 Jul 2015 03:55:03 "
268,?50,queise ,0.231673,5,"Fri, 17 Jul 2015 16:59:00 "
269,?48,Alice and the Hookah ,0.231825,4,"Mon, 13 Jul 2015 19:33:33 "
270,?48,3+me ,0.231908,5,"Tue, 14 Jul 2015 17:51:39 (-0.1h) "
271,new,LakeZhang ,0.231922,4,"Sat, 01 Aug 2015 17:17:06 (-4.3h) "
272,?49,BountyHunter ,0.232107,27,"Tue, 21 Jul 2015 17:04:24 (-6.6d) "
273,?49,Richard Hunt ,0.232201,34,"Tue, 04 Aug 2015 05:24:38 (-10.2d) "
274,new,Topspin ,0.232551,13,"Mon, 03 Aug 2015 20:49:34 (-1.4h) "
275,?141,eugeneyan ,0.232678,5,"Wed, 29 Jul 2015 12:42:45 (-0.4h) "
276,new,marbel ,0.23276,17,"Mon, 03 Aug 2015 00:27:38 (-3d) "
277,?40,Surya ,0.232936,16,"Wed, 29 Jul 2015 22:02:17 (-19.4h) "
278,?52,delijati ,0.233143,15,"Sat, 25 Jul 2015 21:46:28 (-9.3h) "
279,?52,morpheushoc ,0.2332,28,"Sun, 19 Jul 2015 20:13:07 "
280,?26,ugurcaliskan ,0.233217,25,"Thu, 30 Jul 2015 12:35:11 (-24h) "
281,?372,y ,0.233387,3,"Mon, 03 Aug 2015 10:51:32 "
282,?30,Pierre Gutierrez ,0.233921,20,"Wed, 29 Jul 2015 21:29:59 (-3.2h) "
283,?54,slowbull ,0.234015,30,"Mon, 03 Aug 2015 15:45:02 (-16.4d) "
284,?52,Brian Bai ,0.234315,5,"Mon, 13 Jul 2015 14:10:22 (-0.1h) "
285,?52,Derkanat ,0.234463,43,"Thu, 23 Jul 2015 13:39:27 (-42.9h) "
286,new,Philosopher ,0.234489,15,"Sat, 01 Aug 2015 14:32:40 (-0h) "
287,?52,Satyasheel ,0.234536,32,"Mon, 27 Jul 2015 11:05:53 (-14.1d) "
288,?52,Nemesis ,0.234536,1,"Mon, 13 Jul 2015 14:21:57 "
289,?51,AntFil ,0.235012,15,"Fri, 17 Jul 2015 12:12:19 (-20.3h) "
290,new,dune_dweller ,0.235176,1,"Sun, 02 Aug 2015 12:49:05 "
291,?52,"jason, min ",0.235191,1,"Mon, 13 Jul 2015 11:33:55 "
292,?393,Sun'sOutFun'sOut ,0.235203,4,"Sun, 02 Aug 2015 12:58:19 "
293,?52,Alvah ,0.235292,7,"Tue, 07 Jul 2015 14:09:56 (-13h) "
294,?52,robbymeals ,0.235333,3,"Sun, 12 Jul 2015 03:21:29 "
295,?52,J Trotman ,0.235605,7,"Fri, 17 Jul 2015 10:51:30 "
296,?52,Patrick Miller ,0.235838,15,"Mon, 27 Jul 2015 18:49:28 "
297,?52,iwontbecreative ,0.23621,39,"Sun, 19 Jul 2015 16:16:43 "
298,?51,Döme Geszler ,0.236368,16,"Wed, 29 Jul 2015 07:41:46 (-2d) "
299,?51,Ryan Sun ,0.236584,3,"Sun, 12 Jul 2015 15:06:49 (-0.4h) "
300,?51,bBananas ,0.236691,12,"Wed, 29 Jul 2015 02:30:36 (-3.3d) "
301,?51,Flan ,0.236746,17,"Tue, 28 Jul 2015 19:03:35 (-2.4d) "
,,,,,
302,?38,StatCrash ,0.236875,24,"Thu, 30 Jul 2015 20:31:36 (-16h) "
303,?52,zenon ,0.236882,1,"Sun, 12 Jul 2015 10:39:07 "
304,?52,Rajiv Shah ,0.236907,6,"Sun, 12 Jul 2015 04:12:45 "
305,?85,Sensei and boatowners ,0.236944,9,"Fri, 31 Jul 2015 03:04:45 (-28h) "
,,,,,
306,?211,Luis Torres ,0.237084,11,"Tue, 04 Aug 2015 01:56:18 "
307,?26,Antony/Farouk ,0.237106,25,"Mon, 03 Aug 2015 21:05:05 (-4d) "
,,,,,
308,?55,serkh ,0.237137,14,"Fri, 17 Jul 2015 05:45:37 "
309,?55,Julien ,0.237249,17,"Tue, 28 Jul 2015 10:11:54 (-7.9d) "
310,?55,Zhijie Xie (Shieh) ,0.237416,30,"Tue, 14 Jul 2015 06:36:03 (-21h) "
311,?489,ORTEAM ,0.237445,14,"Tue, 04 Aug 2015 04:03:53 "
,,,,,
312,?56,nicky ,0.237609,11,"Tue, 21 Jul 2015 12:55:54 (-0.5h) "
313,?56,alc1 ,0.237648,20,"Wed, 29 Jul 2015 13:13:57 (-11.8d) "
314,?299,Reevok ,0.237682,19,"Sun, 02 Aug 2015 20:44:16 (-0.4h) "
315,?57,Maxim Kharchenko (I want to PZAD) ,0.237856,14,"Sun, 26 Jul 2015 13:09:54 (-1.9h) "
316,new,Younes ,0.23835,6,"Mon, 03 Aug 2015 21:05:16 "
317,?12,wave ,0.238657,33,"Sat, 01 Aug 2015 19:35:45 (-16.4h) "
318,?59,grapefroot(I want to PZAD) ,0.238717,4,"Sat, 25 Jul 2015 16:42:21 "
319,?59,Mobius ,0.238803,8,"Mon, 27 Jul 2015 13:50:35 (-10.6d) "
320,?59,MightyS ,0.239121,7,"Sat, 18 Jul 2015 11:39:51 (-3.6d) "
321,?59,tuomas_s ,0.23917,39,"Thu, 23 Jul 2015 08:29:42 (-13d) "
322,?59,Bruno16 ,0.239249,16,"Sun, 02 Aug 2015 22:13:59 (-27.6h) "
323,?21,wacax ,0.23928,25,"Sat, 01 Aug 2015 01:35:44 (-2.1d) "
324,new,Patrick Zheng ,0.23938,2,"Fri, 31 Jul 2015 07:29:41 "
325,?53,The Mongooses ,0.239545,61,"Sat, 01 Aug 2015 05:06:22 (-7.3h) "
,,,,,
326,?61,_com_ ,0.240429,8,"Thu, 09 Jul 2015 22:50:08 "
327,?61,tmj1 ,0.240464,12,"Fri, 10 Jul 2015 00:10:53 (-23.9h) "
328,?61,razgon ,0.240514,22,"Fri, 31 Jul 2015 09:12:29 (-15.9d) "
329,?61,gk ,0.24069,9,"Sat, 11 Jul 2015 16:15:35 "
330,?5,guppi ,0.241066,56,"Mon, 03 Aug 2015 19:25:47 "
331,?62,Parkinson Zabelin ,0.241142,56,"Wed, 29 Jul 2015 09:35:41 (-28.7h) "
332,?62,Jakshere ,0.241227,14,"Wed, 22 Jul 2015 05:06:31 (-7.4d) "
333,?59,Devin ,0.241346,6,"Sun, 02 Aug 2015 20:10:51 (-0.1h) "
334,?63,dchris ,0.241494,8,"Fri, 17 Jul 2015 09:19:09 (-1.1h) "
335,?22,GeneWalsh ,0.242031,37,"Sat, 01 Aug 2015 16:23:48 "
336,?63,CucaSF ,0.242075,14,"Sat, 25 Jul 2015 18:45:35 (-43.5h) "
337,new,Aleksei Tiulpin ,0.242232,8,"Fri, 31 Jul 2015 05:04:12 (-31.1h) "
338,?63,cipher ,0.242283,23,"Sun, 02 Aug 2015 20:07:19 (-14.6d) "
339,new,ZX ,0.242378,10,"Mon, 03 Aug 2015 23:12:50 "
340,?63,naingenieu ,0.242603,1,"Thu, 16 Jul 2015 08:24:42 "
341,?22,preetam ,0.242619,23,"Tue, 04 Aug 2015 03:43:13 (-1h) "
342,?64,Anilkumar Panda ,0.242623,5,"Sun, 12 Jul 2015 08:04:34 "
343,?64,Khaleesi ,0.242842,6,"Fri, 03 Jul 2015 09:09:30 "
344,?62,Jimmy008 ,0.243227,36,"Thu, 16 Jul 2015 13:56:21 "
345,?62,CodingNeo ,0.243269,6,"Fri, 17 Jul 2015 16:21:51 "
346,?62,The experts. ,0.243552,3,"Fri, 17 Jul 2015 13:37:28 "
,,,,,
347,?62,Mat ,0.243837,5,"Sat, 11 Jul 2015 08:46:42 "
348,?62,jk4575 ,0.243919,8,"Mon, 20 Jul 2015 01:56:46 "
349,?62,Put this in your pipe and smoke it... ,0.244068,11,"Thu, 02 Jul 2015 11:38:24 "
,,,,,
350,?62,Guilherme Pellegrini ,0.244218,16,"Mon, 20 Jul 2015 19:03:24 (-14.6d) "
351,?62,Arnav Sharma ,0.244218,41,"Mon, 13 Jul 2015 09:20:46 (-43.2h) "
352,?62,Amundsen ,0.244336,6,"Mon, 06 Jul 2015 07:57:05 (-9.6h) "
353,?54,treez ,0.244456,12,"Tue, 28 Jul 2015 19:30:17 (-4h) "
354,?63,Levi Self ,0.244501,6,"Sat, 11 Jul 2015 22:27:42 "
355,?62,Alexander Schäfer ,0.244703,1,"Thu, 23 Jul 2015 14:33:01 "
356,?62,smilesun ,0.24495,5,"Thu, 02 Jul 2015 17:56:18 "
357,?62,sparc ,0.245059,16,"Sun, 19 Jul 2015 13:56:54 (-2.8d) "
358,new,skroth ,0.245145,2,"Sun, 02 Aug 2015 21:24:17 (-0h) "
359,?63,Richard Giles ,0.245225,14,"Sun, 02 Aug 2015 02:25:35 (-6.4d) "
360,?63,showletter ,0.2453,22,"Mon, 06 Jul 2015 23:29:58 (-2.6d) "
361,?63,fdeantoni ,0.245312,26,"Tue, 21 Jul 2015 05:46:34 "
362,?47,Michael Pawlus ,0.245996,34,"Thu, 30 Jul 2015 18:54:02 "
363,?63,Anthony Bell ,0.246124,7,"Wed, 22 Jul 2015 11:19:57 (-17h) "
364,?61,JC ,0.246365,10,"Wed, 15 Jul 2015 16:46:13 (-20.1h) "
365,?61,Ankur Verma ,0.246622,46,"Fri, 24 Jul 2015 18:32:31 (-12.7h) "
366,?59,Godbert ,0.247233,18,"Sat, 25 Jul 2015 15:26:51 "
367,?59,ShivaVuyyuru ,0.247288,9,"Mon, 27 Jul 2015 09:08:11 (-2.7d) "
368,?59,Nicked ,0.247689,5,"Thu, 16 Jul 2015 19:58:25 (-1.7h) "
369,?32,Pierre-Chaville ,0.247695,23,"Sun, 02 Aug 2015 09:14:15 (-2.6d) "
370,?60,Vishwanathan Raman ,0.247812,83,"Tue, 04 Aug 2015 01:50:36 (-10.4d) "
371,?15,sorpmaL ,0.247838,23,"Mon, 03 Aug 2015 17:12:51 (-3.9d) "
372,?61,bernatcp ,0.248075,53,"Mon, 03 Aug 2015 10:57:15 (-14.7d) "
373,new,Sujeeth S ,0.248368,5,"Fri, 31 Jul 2015 09:10:26 (-0.2h) "
374,?102,Mark Conway ,0.248368,6,"Mon, 03 Aug 2015 00:40:11 (-2.3d) "
375,?96,DeSpurious ,0.248368,11,"Mon, 03 Aug 2015 12:17:23 "
376,new,Arkid Mitra ,0.248368,2,"Mon, 03 Aug 2015 14:57:45 (-0h) "
377,?1,Rajesh Arumugam ,0.248506,18,"Sun, 02 Aug 2015 01:46:07 "
378,new,Kripa ,0.248575,13,"Tue, 04 Aug 2015 03:09:44 (-2.4d) "
379,?65,simplexity ,0.24872,22,"Fri, 10 Jul 2015 14:29:14 "
380,?217,KBanalytics ,0.248768,11,"Sun, 02 Aug 2015 19:37:54 "
381,?65,Puccabelle ,0.248871,26,"Mon, 13 Jul 2015 09:40:28 (-4d) "
382,new,frutoper ,0.248911,1,"Mon, 03 Aug 2015 22:16:57 "
383,?66,Hugh Tomkins ,0.249038,5,"Mon, 20 Jul 2015 19:17:39 "
384,new,seewaters ,0.249039,2,"Sun, 02 Aug 2015 17:54:32 "
385,?67,AndreiG ,0.24912,21,"Sun, 05 Jul 2015 14:27:34 (-3.9d) "
386,?26,YNWA05 ,0.249582,8,"Sat, 01 Aug 2015 13:12:12 (-3.1d) "
387,?67,Faceless Void ,0.249603,15,"Sun, 05 Jul 2015 00:22:39 (-16.9h) "
388,?67,JamesAlmostSurely ,0.250251,23,"Sun, 12 Jul 2015 20:13:56 "
389,?67,Anton Muravev ,0.250299,13,"Thu, 16 Jul 2015 09:35:26 "
390,?67,Cruze D Zhou ,0.250396,7,"Mon, 13 Jul 2015 23:51:04 "
391,?67,Tofu ,0.250436,14,"Tue, 07 Jul 2015 06:50:54 (-0.2h) "
392,?67,BarrenWuffet ,0.250664,7,"Fri, 10 Jul 2015 00:05:33 "
393,?67,fmder ,0.250906,14,"Tue, 21 Jul 2015 12:48:06 (-19h) "
394,?67,Kyle Engel ,0.250935,11,"Sat, 25 Jul 2015 18:18:59 (-6.8d) "
395,?67,Alvydas Vitkauskas ,0.251248,1,"Tue, 14 Jul 2015 21:04:36 "
396,new,ThoMas ,0.251248,1,"Tue, 28 Jul 2015 16:38:33 "
397,?68,Nino Paul Batanay ,0.251297,1,"Fri, 03 Jul 2015 07:50:21 "
398,new,AlexandrAyvaz ,0.25135,3,"Thu, 30 Jul 2015 20:45:37 (-2.1d) "
399,?278,dlsiii ,0.251357,23,"Sun, 02 Aug 2015 17:22:35 "
400,new,Jordan Gumm ,0.251662,6,"Mon, 03 Aug 2015 15:36:56 (-45.8h) "
401,?69,ADSAtlanta ,0.251878,10,"Mon, 03 Aug 2015 22:42:55 (-10.4d) "
402,?68,GTAlliance ,0.252012,18,"Sat, 25 Jul 2015 23:08:01 (-19d) "
403,?49,John Cook ,0.252195,26,"Wed, 29 Jul 2015 00:28:46 "
404,?68,isk4tel ,0.252374,42,"Fri, 24 Jul 2015 15:39:41 (-2.8d) "
405,?60,randomjohn ,0.252394,13,"Thu, 30 Jul 2015 02:40:39 "
406,?68,Cavor ,0.252978,2,"Sat, 25 Jul 2015 20:00:54 "
407,?68,willjvr ,0.253054,32,"Thu, 30 Jul 2015 16:02:13 (-3d) "
408,?68,TaylorMade ,0.253058,27,"Fri, 31 Jul 2015 15:37:49 (-9.2d) "
,,,,,
409,?68,Petr Bulušek ,0.25315,5,"Wed, 22 Jul 2015 13:17:48 (-7.9d) "
410,?31,Beluga ,0.253315,12,"Sat, 01 Aug 2015 22:15:04 (-4.3d) "
411,?69,hbox ,0.253322,10,"Sat, 25 Jul 2015 07:13:50 (-0.2h) "
412,?69,mrjim ,0.253324,11,"Wed, 22 Jul 2015 12:35:48 (-5.4d) "
413,?69,Byron Graham ,0.253504,37,"Sat, 25 Jul 2015 21:17:27 (-16.6d) "
414,?420,Here to discover ,0.253528,8,"Mon, 03 Aug 2015 16:46:30 "
415,?69,Joshua Havelka ,0.253863,3,"Fri, 03 Jul 2015 14:24:41 (-2h) "
416,?69,rcdong ,0.253901,5,"Thu, 16 Jul 2015 05:39:58 "
417,?69,UgoM ,0.254215,12,"Wed, 22 Jul 2015 13:53:33 (-0.7h) "
418,?69,Varun Sawhney ,0.254427,14,"Tue, 14 Jul 2015 17:47:51 (-2.5d) "
419,?69,aguerreiro ,0.254618,42,"Thu, 30 Jul 2015 17:49:00 (-14.3d) "
420,?69,MPRI ,0.254627,29,"Sat, 18 Jul 2015 16:48:32 (-3d) "
421,?69,L.B. ,0.254774,8,"Fri, 03 Jul 2015 14:11:57 (-2.5h) "
422,?69,VicCrome ,0.2549,16,"Wed, 22 Jul 2015 19:55:07 (-6.2d) "
423,?68,Somsubhra ,0.255092,18,"Sun, 12 Jul 2015 09:56:23 (-23.4h) "
424,?67,Ha Le An ,0.255501,12,"Fri, 10 Jul 2015 17:24:15 (-2.9d) "
425,new,CWU ,0.255666,2,"Mon, 03 Aug 2015 06:10:11 "
426,?68,Mendrika Ramarlina ,0.255706,2,"Sat, 11 Jul 2015 06:32:29 "
427,?377,datamonger ,0.255826,3,"Sun, 02 Aug 2015 02:28:57 "
428,new,TomHall ,0.255826,2,"Mon, 03 Aug 2015 08:18:59 (-3.5h) "
429,?294,satishku ,0.255826,6,"Tue, 04 Aug 2015 06:37:12 (-3h) "
430,?49,pim# ,0.255954,23,"Mon, 03 Aug 2015 15:46:48 (-21h) "
431,?70,LeoYorke ,0.25639,21,"Thu, 23 Jul 2015 12:25:23 (-28.5h) "
432,?70,Jouni Huopana ,0.256488,18,"Tue, 14 Jul 2015 09:10:29 "
433,?70,Travis Lawrence ,0.256646,23,"Mon, 27 Jul 2015 19:46:41 (-7d) "
434,?70,Pietro Marini ,0.256726,46,"Sun, 19 Jul 2015 20:43:45 (-0.1h) "
435,new,Luciferase ,0.256884,4,"Tue, 04 Aug 2015 05:34:46 "
436,?71,Xmael ,0.256905,22,"Thu, 16 Jul 2015 09:48:56 (-0.4h) "
437,new,Chris Stockmann ,0.256954,7,"Mon, 03 Aug 2015 16:07:35 (-11.3h) "
438,?72,DotNetDeveloper ,0.256976,6,"Wed, 08 Jul 2015 23:56:22 "
439,?72,IlanK ,0.257113,12,"Fri, 24 Jul 2015 21:15:48 (-28.7h) "
440,?72,Rhiannon Rognstad ,0.257313,36,"Thu, 16 Jul 2015 13:43:51 (-9d) "
441,?44,MienvuDang ,0.257343,29,"Mon, 03 Aug 2015 15:28:24 "
442,?73,Mohamed Mekran ,0.257399,10,"Sun, 12 Jul 2015 19:33:39 (-3h) "
443,?73,Bin Zhou ,0.257509,8,"Sun, 05 Jul 2015 23:29:51 (-10.7h) "
444,?73,Garrett Teoh Hor Keong ,0.257651,21,"Sat, 01 Aug 2015 06:33:04 (-22.3d) "
445,?480,James Morse ,0.257653,8,"Sun, 02 Aug 2015 14:02:30 "
446,?74,Alex_Georges ,0.257731,10,"Fri, 10 Jul 2015 10:43:43 (-3d) "
447,?73,Andrey Bogomolov ,0.257806,5,"Tue, 21 Jul 2015 14:23:50 "
448,?73,Zubatch ,0.257865,14,"Sun, 05 Jul 2015 23:59:58 (-40.4h) "
449,?73,Ashay ,0.257939,15,"Wed, 08 Jul 2015 18:16:37 (-44.9h) "
450,?73,andrekos ,0.257983,12,"Sun, 26 Jul 2015 23:45:54 (-21.9h) "
451,?281,Kele XU ,0.258107,8,"Tue, 28 Jul 2015 15:38:49 (-0h) "
452,?73,Sriram ,0.25814,10,"Mon, 20 Jul 2015 18:12:52 (-2.1d) "
453,?73,Elon Plotkin ,0.258223,5,"Fri, 10 Jul 2015 12:11:33 "
454,?72,Mustafa Hasanbulli ,0.258306,9,"Wed, 15 Jul 2015 03:45:45 (-2.3d) "
455,?72,Jason Merefield ,0.258338,2,"Mon, 13 Jul 2015 03:43:55 "
456,?72,butch landingin ,0.258379,7,"Tue, 07 Jul 2015 12:21:14 (-4.4h) "
457,?72,alben vinoj ,0.258451,8,"Mon, 06 Jul 2015 11:03:47 (-3d) "
458,?72,joaquín armando ,0.25864,8,"Tue, 07 Jul 2015 11:31:14 "
459,?72,raagnew ,0.258697,2,"Mon, 13 Jul 2015 12:20:35 (-2.4d) "
460,?72,antonbalboa ,0.258716,17,"Sun, 05 Jul 2015 21:55:53 (-38.4h) "
461,?72,Lili Sun ,0.258743,28,"Mon, 13 Jul 2015 03:25:45 "
462,new,Oleg Shyshkov ,0.258918,4,"Mon, 03 Aug 2015 13:11:24 "
463,?72,Seung Yup Han ,0.258941,4,"Sun, 19 Jul 2015 23:12:09 "
464,?72,BenoitH ,0.258946,10,"Mon, 13 Jul 2015 21:54:53 (-23.8h) "
465,?41,Elaeagnus ,0.259065,8,"Fri, 31 Jul 2015 15:04:35 "
,,,,,
466,?73,Sieber ,0.259129,3,"Fri, 03 Jul 2015 22:23:49 "
467,?73,Ilya ,0.259245,6,"Wed, 08 Jul 2015 15:45:18 (-6.3h) "
468,?73,vitalstatistix ,0.259273,9,"Wed, 22 Jul 2015 02:54:45 "
469,?73,Eric Kramer ,0.259393,3,"Tue, 07 Jul 2015 15:08:28 "
470,?72,Albert Egido ,0.259527,14,"Sat, 04 Jul 2015 00:08:25 (-20.8h) "
471,new,Sravan Babu Bodapati ,0.259613,2,"Mon, 03 Aug 2015 02:26:19 "
472,?270,PrathameshChhariya ,0.259699,4,"Wed, 29 Jul 2015 12:38:24 "
473,?74,Sammy ,0.259705,12,"Wed, 08 Jul 2015 19:28:33 "
474,?20,Ujwal Kovuri ,0.259868,19,"Thu, 30 Jul 2015 13:18:47 (-23.3h) "
475,?75,chriszhou ,0.259963,8,"Fri, 10 Jul 2015 07:04:44 (-23h) "
476,?75,Furious ,0.259965,3,"Mon, 06 Jul 2015 09:03:44 (-0.6h) "
477,?75,The Duck in the Machine ,0.259965,2,"Tue, 07 Jul 2015 05:09:51 "
478,?75,Jijo ,0.259965,9,"Fri, 24 Jul 2015 09:32:21 (-16.7d) "
479,?75,Bonferroni27 ,0.259965,2,"Wed, 08 Jul 2015 11:24:35 "
480,?75,Stefanie Anderson ,0.259965,1,"Thu, 09 Jul 2015 18:50:23 "
481,?75,jcis ,0.259997,77,"Thu, 16 Jul 2015 16:02:59 "
482,?75,DarkMonkey ,0.260045,17,"Mon, 03 Aug 2015 06:55:26 (-7.7d) "
483,?75,Shawn Pope ,0.260049,50,"Sun, 02 Aug 2015 18:29:32 (-7.3d) "
484,?74,athoul01 ,0.260142,5,"Wed, 08 Jul 2015 19:26:06 "
485,?74,WishKaro ,0.260198,8,"Mon, 20 Jul 2015 08:55:46 (-5d) "
,,,,,
486,?26,spat ,0.260213,8,"Sat, 01 Aug 2015 17:22:16 (-35.5h) "
487,new,Guillaume Ferry ,0.260264,7,"Sun, 02 Aug 2015 09:59:26 (-4.7d) "
488,new,Vladimir Iglovikov ,0.260518,1,"Sun, 02 Aug 2015 01:59:45 "
489,?77,Mathematical Seer ,0.260682,3,"Mon, 06 Jul 2015 14:08:55 "
490,?77,Rokoson ,0.260872,22,"Fri, 24 Jul 2015 07:58:01 (-5h) "
491,?77,madradana ,0.260936,2,"Thu, 09 Jul 2015 09:14:36 "
492,new,weekendworkout ,0.261147,1,"Thu, 30 Jul 2015 23:39:52 "
493,?76,Dodg3r ,0.261154,18,"Sun, 05 Jul 2015 10:11:40 "
494,?76,beingsumit ,0.261174,6,"Sun, 05 Jul 2015 10:44:41 (-2.2d) "
495,?76,Bhaumik Shah ,0.261174,7,"Fri, 03 Jul 2015 13:11:23 "
496,?76,Akila Wajirasena ,0.261174,2,"Fri, 03 Jul 2015 16:49:50 "
497,?74,Saurav chakravorty ,0.261417,14,"Sat, 01 Aug 2015 05:38:08 (-4.9d) "
498,new,praveen reddy dandu ,0.261535,8,"Mon, 03 Aug 2015 05:33:02 (-34.9h) "
499,?75,Blacksou ,0.26156,5,"Thu, 23 Jul 2015 10:32:14 "
500,?75,CoolSgd ,0.261726,11,"Tue, 28 Jul 2015 10:34:03 (-18.1d) "
501,?75,Bryan Johnson ,0.261773,3,"Mon, 06 Jul 2015 21:18:31 "
502,?75,Julien Alexandre ,0.261919,31,"Wed, 29 Jul 2015 17:01:21 (-7.8d) "
503,?75,sarawxyz ,0.26195,5,"Sat, 25 Jul 2015 23:45:28 (-5.7d) "
504,?75,Tharindu Ranasinghe ,0.262061,4,"Fri, 03 Jul 2015 17:12:34 (-24.4h) "
505,?75,prokoff ,0.26212,10,"Tue, 14 Jul 2015 16:36:03 "
506,?75,TenaciousTerrier ,0.262146,13,"Mon, 06 Jul 2015 04:34:58 "
507,?75,Abhishek Simhadri ,0.262182,2,"Sat, 18 Jul 2015 16:33:15 "
508,?75,mlnewbie ,0.262186,18,"Wed, 08 Jul 2015 12:52:43 (-24.9h) "
509,?75,rj03 ,0.262186,37,"Thu, 09 Jul 2015 13:13:49 (-23.6h) "
510,?75,Lali67 ,0.262533,23,"Mon, 27 Jul 2015 13:11:58 "
511,?75,HealthActuary ,0.262646,19,"Mon, 27 Jul 2015 04:17:28 (-18.6d) "
512,new,R. ,0.262693,13,"Tue, 04 Aug 2015 03:50:29 (-3.2h) "
513,?76,Luboš Motl ,0.262766,5,"Tue, 07 Jul 2015 15:19:58 (-0.1h) "
514,?76,Sun ,0.262913,2,"Fri, 17 Jul 2015 14:46:01 (-0.2h) "
515,?76,Karthick K ,0.262975,5,"Sat, 11 Jul 2015 12:40:15 (-3.3d) "
516,?76,ercfermi ,0.263057,3,"Fri, 10 Jul 2015 09:05:09 (-1.5h) "
517,?75,CeShine Lee ,0.263157,1,"Fri, 10 Jul 2015 04:44:33 "
518,?75,Vivek Uday ,0.263243,6,"Sun, 12 Jul 2015 02:13:37 (-4.9d) "
519,new,Michiel ,0.263279,14,"Sat, 01 Aug 2015 09:33:16 (-18.2h) "
520,?253,Petr Ermakov (I want to PZAD) ,0.263282,6,"Tue, 28 Jul 2015 11:03:32 "
521,?77,RicardoRivero ,0.263318,2,"Tue, 07 Jul 2015 14:36:29 (-20.3h) "
522,?77,Chain Reactors ,0.263522,1,"Tue, 14 Jul 2015 08:07:15 "
,,,,,
523,new,Srikanth Iyer ,0.263525,7,"Tue, 04 Aug 2015 02:17:06 (-1.8h) "
524,?78,BasMinkes ,0.263571,9,"Mon, 20 Jul 2015 06:19:42 (-4.3d) "
525,?78,root777 ,0.263579,11,"Sun, 26 Jul 2015 00:52:40 (-0.2h) "
526,?78,Luke Green ,0.263925,6,"Wed, 08 Jul 2015 02:59:50 (-6.2h) "
527,new,akhil kumar ,0.263979,3,"Fri, 31 Jul 2015 06:05:51 (-2.1h) "
528,?79,bebek ,0.264047,2,"Sat, 04 Jul 2015 23:20:30 "
529,?79,Jason Noriega ,0.264058,25,"Mon, 06 Jul 2015 03:36:36 (-0h) "
530,?79,Manan ,0.26408,4,"Sat, 25 Jul 2015 01:19:19 "
531,?79,Gennady ,0.264143,12,"Mon, 13 Jul 2015 01:28:08 (-0.7h) "
532,?79,Egor Ignatenkov ,0.264167,2,"Tue, 07 Jul 2015 06:27:41 "
533,?79,Chevere ,0.26422,1,"Sat, 04 Jul 2015 19:17:23 "
534,?79,Kok Meng Tan ,0.264236,3,"Sat, 04 Jul 2015 01:46:10 "
535,?79,versatility ,0.264253,1,"Mon, 13 Jul 2015 13:33:13 "
536,new,m ,0.264405,1,"Sun, 02 Aug 2015 01:14:55 "
537,?80,Chris Cannon ,0.264471,2,"Thu, 02 Jul 2015 18:47:19 "
538,?80,Kaggle Rank Maintenance ,0.264471,1,"Thu, 02 Jul 2015 19:22:55 "
539,?80,Shenanigan ,0.264471,6,"Fri, 03 Jul 2015 05:57:09 "
540,?80,SirGuessalot ,0.264471,6,"Sun, 05 Jul 2015 22:43:26 (-2.6d) "
541,?80,daten-kieker ,0.264471,2,"Fri, 03 Jul 2015 15:11:13 "
542,?80,Marco Scattolin ,0.264471,5,"Mon, 06 Jul 2015 08:29:40 (-2.7d) "
543,?80,Lily loves data ,0.264471,5,"Mon, 06 Jul 2015 21:14:18 (-2.1d) "
544,?80,Thomas Rost ,0.264471,1,"Sun, 05 Jul 2015 10:01:50 "
545,?80,Saurav Gupta ,0.264471,4,"Mon, 06 Jul 2015 07:54:44 (-0.6h) "
546,?80,Jegan ,0.264471,9,"Mon, 06 Jul 2015 10:08:47 "
547,?80,Ekansh Verma ,0.264471,12,"Thu, 09 Jul 2015 12:28:10 (-3d) "
548,?79,Xiang Lin ,0.264471,9,"Thu, 09 Jul 2015 15:52:13 (-3d) "
549,?79,Amine Benhalloum ,0.264471,12,"Thu, 09 Jul 2015 00:22:48 (-44.5h) "
550,?77,OverfitterScientist ,0.264471,1,"Wed, 08 Jul 2015 22:38:06 "
551,?77,Sandeep Chanda ,0.264471,2,"Fri, 10 Jul 2015 11:29:16 "
552,?77,Felipe Batista ,0.264471,1,"Fri, 10 Jul 2015 15:05:48 "
553,?76,GergeKhan ,0.264471,1,"Sat, 11 Jul 2015 22:05:00 "
554,?75,Gary ,0.264471,1,"Tue, 14 Jul 2015 08:30:46 "
555,?75,Alexey Antonov ,0.264471,2,"Tue, 14 Jul 2015 20:47:26 "
556,?75,DhavalModi ,0.264471,2,"Wed, 15 Jul 2015 15:50:00 "
557,?75,Weili Zhang ,0.264471,2,"Fri, 31 Jul 2015 03:13:48 (-13.3d) "
558,?75,Edaijia ,0.264471,3,"Tue, 21 Jul 2015 05:46:27 (-1.4h) "
,,,,,
559,?75,shellsnail ,0.264471,2,"Sun, 26 Jul 2015 15:51:27 (-0h) "
560,new,cashuseyepatch ,0.264471,2,"Wed, 29 Jul 2015 00:24:39 "
561,?75,Stéphane Sbizzera ,0.264504,4,"Mon, 20 Jul 2015 13:55:05 "
562,?75,Robby75 ,0.264552,11,"Tue, 21 Jul 2015 07:38:16 (-1.8h) "
563,?75,JSRod ,0.264584,3,"Sun, 05 Jul 2015 03:10:26 "
564,?75,BES ,0.264728,3,"Fri, 03 Jul 2015 08:39:31 "
565,?75,Nagababu ,0.26481,2,"Tue, 14 Jul 2015 08:43:29 "
566,?75,Rithwik ,0.264869,1,"Sun, 05 Jul 2015 14:27:16 "
567,?75,Sandeep Dulluri ,0.264947,17,"Sun, 12 Jul 2015 05:30:23 (-4d) "
568,?75,QiLi ,0.264961,5,"Fri, 24 Jul 2015 17:52:33 (-6.9d) "
569,?74,MacKGins ,0.265087,16,"Sat, 18 Jul 2015 01:39:10 (-12.2d) "
570,?74,Ashish Sharma ,0.265096,5,"Sun, 12 Jul 2015 17:02:08 (-9.4h) "
571,?74,Miguel ,0.265233,12,"Mon, 03 Aug 2015 12:07:53 (-13.7d) "
572,?74,kicker ,0.26536,1,"Tue, 28 Jul 2015 04:49:32 "
573,?74,timcdlucas ,0.26538,11,"Sat, 04 Jul 2015 11:46:48 "
574,?74,lopezco ,0.265445,1,"Fri, 03 Jul 2015 21:41:55 "
575,?74,shubham gupta ,0.265563,1,"Fri, 10 Jul 2015 04:42:23 "
576,new,Abhishek 2 ,0.265638,1,"Thu, 30 Jul 2015 13:47:09 "
577,?75,kerkerpon ,0.265775,19,"Fri, 10 Jul 2015 13:58:36 "
,,,,,
578,?75,JonahCasebeer ,0.265871,2,"Mon, 13 Jul 2015 21:56:50 (-0.2h) "
579,new,cat_ds_strategy ,0.265932,1,"Wed, 29 Jul 2015 12:58:25 "
580,?76,????????? ????????? ,0.266049,2,"Sat, 04 Jul 2015 14:12:18 "
581,new,jupiter ,0.266146,15,"Mon, 03 Aug 2015 19:28:32 "
582,?77,Albert Ferré ,0.266178,3,"Mon, 20 Jul 2015 13:58:01 "
583,?76,zhmz90 ,0.266221,4,"Wed, 22 Jul 2015 16:34:22 (-18.9d) "
584,?76,DataScientist ,0.266304,7,"Sun, 19 Jul 2015 00:01:25 (-14.8d) "
585,?76,Grouh & Gryan Corporation ,0.266346,2,"Wed, 29 Jul 2015 13:39:52 (-11.9d) "
,,,,,
586,?76,Youngsoo Kim ,0.266514,1,"Sun, 12 Jul 2015 04:16:13 "
587,?76,Purfvfet ,0.266547,2,"Thu, 16 Jul 2015 16:02:52 (-11.1h) "
588,?50,dsteiner ,0.266574,22,"Tue, 04 Aug 2015 05:52:14 "
589,?76,Vimal ,0.266607,2,"Wed, 22 Jul 2015 05:58:57 "
590,?76,Jola ,0.266875,1,"Sat, 18 Jul 2015 17:16:45 "
591,?71,Tapio Räsänen ,0.266937,19,"Mon, 03 Aug 2015 19:42:47 "
592,?77,Tinh Tran ,0.266966,2,"Wed, 22 Jul 2015 12:55:09 (-7.2d) "
593,?77,Haneesh ,0.267141,3,"Mon, 27 Jul 2015 09:40:09 (-13.1d) "
594,?76,Thodime ,0.267529,2,"Tue, 21 Jul 2015 04:46:48 (-0.1h) "
595,?76,Eddy Kang ,0.267571,11,"Sat, 25 Jul 2015 21:29:33 (-2.7d) "
596,?75,Mehdi L. ,0.267846,19,"Fri, 10 Jul 2015 14:28:46 "
597,?75,Dimitris Leventis ,0.267863,5,"Mon, 06 Jul 2015 17:11:52 "
598,?75,E K ,0.26802,3,"Fri, 03 Jul 2015 20:34:16 "
599,?75,\ ({}) / ,0.268131,1,"Wed, 08 Jul 2015 18:37:35 "
600,?75,Gosset ,0.26826,8,"Wed, 29 Jul 2015 17:58:12 (-44.8h) "
601,?75,Alejandro ,0.268483,1,"Sat, 18 Jul 2015 16:54:01 "
602,?75,amihali3 ,0.268493,5,"Sun, 26 Jul 2015 20:45:25 "
603,?61,Seby ,0.268652,15,"Fri, 31 Jul 2015 22:26:17 (-0.1h) "
604,new,Jaehwan Kim ,0.268889,2,"Sat, 01 Aug 2015 07:49:10 (-0.7h) "
605,?77,FBocca ,0.268915,33,"Fri, 17 Jul 2015 02:39:55 (-6.3d) "
606,?77,Shivam Verma ,0.269126,11,"Thu, 30 Jul 2015 08:29:30 (-8.9d) "
607,?77,dividedbyZero ,0.269175,3,"Sun, 05 Jul 2015 23:13:35 "
608,?77,guillaumeph ,0.269182,2,"Sun, 26 Jul 2015 18:30:53 (-0.3h) "
609,?77,Daniele Biasci ,0.269303,27,"Thu, 09 Jul 2015 08:48:16 (-5.9d) "
610,?77,EddieH ,0.26932,5,"Fri, 10 Jul 2015 21:42:33 "
611,?77,Sri Harsha Attivilli ,0.269375,2,"Sat, 11 Jul 2015 15:35:23 "
612,?77,PankajYadav ,0.269641,13,"Tue, 14 Jul 2015 01:05:52 (-0.6h) "
613,?57,lichtpinsler ,0.269916,29,"Fri, 31 Jul 2015 00:34:09 (-2.1d) "
614,?76,KGFeMan ,0.270039,15,"Fri, 31 Jul 2015 12:28:28 (-9.8d) "
615,?76,Scorpion ,0.270147,9,"Sat, 18 Jul 2015 20:00:44 (-9.8d) "
616,?76,Smoothie ,0.270494,1,"Wed, 15 Jul 2015 04:15:44 "
617,?76,Nuno Marques ,0.270519,1,"Tue, 07 Jul 2015 17:51:08 "
618,?75,J Kolb ,0.270649,8,"Sun, 05 Jul 2015 21:37:16 "
619,?75,JZach ,0.271,9,"Tue, 21 Jul 2015 17:48:32 (-13.3d) "
620,?75,Guido Tapia ,0.271497,7,"Tue, 14 Jul 2015 05:21:51 (-3.5h) "
621,?75,Maria Prikhodko ,0.271523,10,"Thu, 02 Jul 2015 11:08:48 (-31.1h) "
622,?74,Rajeev Ranjan ,0.272394,2,"Mon, 06 Jul 2015 12:59:14 (-4.8h) "
623,?74,-kcs- ,0.272572,4,"Sat, 18 Jul 2015 01:08:30 (-2.4h) "
624,?74,Mimain ,0.272575,7,"Wed, 22 Jul 2015 08:06:14 (-3.5d) "
625,?10,Isaac ,0.27297,46,"Tue, 04 Aug 2015 02:21:38 (-22.4h) "
626,?75,Param ,0.273038,1,"Sun, 26 Jul 2015 21:50:26 "
627,?174,geodude ,0.273823,4,"Thu, 30 Jul 2015 19:32:00 "
628,?76,Jetty ,0.273943,2,"Fri, 24 Jul 2015 02:06:09 "
629,?76,ShawnR ,0.2742,3,"Fri, 31 Jul 2015 17:59:33 (-12.8d) "
630,?76,Luis Guilherme Damiani ,0.274416,1,"Sun, 26 Jul 2015 19:14:02 "
631,?76,Nathan Phillips ,0.274557,6,"Sun, 26 Jul 2015 21:13:15 "
632,?75,MagnusLarsson ,0.274892,7,"Tue, 21 Jul 2015 20:21:16 "
633,?75,Victor ,0.275265,13,"Sun, 05 Jul 2015 21:42:10 (-1.2h) "
634,?75,Prashant Hiremath ,0.275431,2,"Sun, 05 Jul 2015 02:33:18 "
635,?75,jjuhannes ,0.275549,6,"Sun, 12 Jul 2015 19:07:58 (-3.9h) "
636,?75,boxybrown ,0.275833,5,"Wed, 15 Jul 2015 19:08:16 "
637,?270,yafokg ,0.275904,3,"Mon, 03 Aug 2015 05:46:00 "
638,new,yling ,0.276233,5,"Fri, 31 Jul 2015 01:49:14 "
639,new,Kevin Hu ,0.276416,1,"Sun, 02 Aug 2015 09:05:28 "
640,new,?? ? ????! ,0.276452,3,"Fri, 31 Jul 2015 18:13:09 "
641,?79,Dario Solari ,0.277179,5,"Thu, 02 Jul 2015 19:23:06 "
642,?79,lagvier ,0.277684,3,"Wed, 29 Jul 2015 10:03:21 (-25.9d) "
643,?79,PN123 ,0.277994,5,"Sat, 11 Jul 2015 06:33:27 "
644,?79,EaswerC ,0.278179,4,"Fri, 03 Jul 2015 00:26:24 "
645,?79,David Low ,0.278486,6,"Sun, 05 Jul 2015 15:43:02 (-3d) "
646,?78,name00 ,0.279296,9,"Tue, 21 Jul 2015 09:01:58 (-6.6d) "
647,?78,mal_sch ,0.28013,1,"Sat, 04 Jul 2015 17:44:30 "
648,?78,TubeGradientDescent ,0.281317,8,"Tue, 14 Jul 2015 06:51:31 (-9.1h) "
649,?78,ChaoranLiu ,0.281589,8,"Sat, 18 Jul 2015 16:45:48 (-5.9h) "
650,?78,kish ,0.281709,10,"Mon, 06 Jul 2015 21:34:02 (-43.2h) "
651,?45,janiin ,0.281926,14,"Mon, 03 Aug 2015 08:35:11 (-5d) "
652,?79,r00kie ,0.282533,7,"Tue, 07 Jul 2015 06:43:04 (-4h) "
653,?79,ashok k harnal ,0.283284,21,"Mon, 20 Jul 2015 15:20:28 (-4d) "
654,?79,David Lewis ,0.284328,17,"Wed, 22 Jul 2015 19:19:34 "
655,?79,Michael Lerch ,0.284395,5,"Thu, 09 Jul 2015 03:08:25 "
656,?79,jpierzch ,0.284567,6,"Tue, 04 Aug 2015 05:53:48 (-28.9d) "
657,?79,Remontoire ,0.284918,4,"Tue, 21 Jul 2015 13:00:03 "
658,?78,mangoengineer ,0.285434,10,"Sat, 25 Jul 2015 05:32:05 (-7.2d) "
659,?78,Bobcat ,0.28546,5,"Wed, 01 Jul 2015 20:54:14 (-26.7h) "
660,new,polarBear ,0.286225,1,"Sun, 02 Aug 2015 15:26:28 "
661,new,maglas ,0.28631,1,"Mon, 03 Aug 2015 23:01:00 "
662,?80,hamelg ,0.286761,2,"Fri, 03 Jul 2015 13:08:04 "
663,?80,DEEPSPEEDX ,0.287067,10,"Thu, 09 Jul 2015 16:20:56 (-0.4h) "
664,?80,James Rampersad ,0.287546,10,"Sun, 05 Jul 2015 17:22:16 "
665,?80,Jared Turkewitz ,0.287629,6,"Thu, 23 Jul 2015 18:43:24 (-2.1d) "
666,?80,rahul agarwal ,0.287844,9,"Thu, 16 Jul 2015 18:09:02 (-12.7d) "
667,?80,raman_sharma ,0.287844,4,"Mon, 06 Jul 2015 06:58:55 (-10.6h) "
668,new,mchahhou ,0.288644,3,"Thu, 30 Jul 2015 22:16:37 "
669,?78,Matt ,0.288688,19,"Fri, 31 Jul 2015 12:50:06 (-0h) "
670,?82,vrajs5 ,0.289121,20,"Fri, 10 Jul 2015 11:17:15 (-7.1d) "
671,?82,Zickler ,0.289517,10,"Sun, 05 Jul 2015 05:56:25 "
672,?82,WhizWilde ,0.290155,81,"Sat, 25 Jul 2015 04:50:23 (-12.8h) "
673,?81,joof ,0.290581,5,"Fri, 03 Jul 2015 13:39:32 (-8.6h) "
674,?81,chrz?szczyrzewoszyce powiat ??ko?ody ,0.290749,5,"Thu, 02 Jul 2015 16:37:32 (-0.1h) "
675,?81,Lobowadai ,0.290991,11,"Fri, 24 Jul 2015 00:13:50 (-33.9h) "
676,?81,gardenia ,0.291106,12,"Fri, 10 Jul 2015 04:22:06 (-3.4h) "
677,?81,Koushik Nagarajan ,0.29198,10,"Tue, 21 Jul 2015 09:03:04 "
678,?80,aelise ,0.292223,2,"Thu, 02 Jul 2015 19:16:36 "
679,?80,nlubchenco ,0.292232,5,"Wed, 01 Jul 2015 04:49:34 "
680,?80,Eric Liu ,0.292247,2,"Sat, 11 Jul 2015 08:34:28 "
681,?80,Kevin ,0.293155,4,"Tue, 21 Jul 2015 20:24:36 "
682,?80,mmourafiq ,0.29323,1,"Fri, 24 Jul 2015 14:26:18 "
683,?80,sgudur ,0.29323,1,"Wed, 08 Jul 2015 01:36:06 "
684,?80,Gelves ,0.294185,14,"Wed, 08 Jul 2015 17:51:16 "
,,,,,
685,?243,Lawrence Chernin ,0.294919,3,"Mon, 03 Aug 2015 00:23:19 (-0.2h) "
686,?81,chris r ,0.294985,10,"Tue, 07 Jul 2015 07:20:31 (-0h) "
687,?65,RandomForestGump ,0.295,8,"Sun, 02 Aug 2015 01:13:31 (-3.8d) "
688,?81,Alexey Kazantsev ,0.296586,16,"Mon, 20 Jul 2015 07:44:38 (-2.6d) "
689,?24,Bogomolov Andrey ,0.296728,3,"Sat, 01 Aug 2015 22:24:47 "
690,new,SayantanMukherjee ,0.297713,2,"Fri, 31 Jul 2015 15:14:33 (-2.4h) "
691,?83,RyanMurray ,0.297759,5,"Tue, 14 Jul 2015 23:33:14 (-9.5h) "
692,?83,Roehst ,0.298068,17,"Wed, 08 Jul 2015 03:58:42 "
693,?83,Pietro Marinelli ,0.298312,25,"Sun, 02 Aug 2015 17:34:12 (-15d) "
694,?83,NicolasBurl ,0.298372,8,"Thu, 09 Jul 2015 15:11:53 (-3.9h) "
695,?83,sugiking ,0.299992,4,"Wed, 01 Jul 2015 03:58:31 (-1.2h) "
696,new,Jamie Ross ,0.301074,1,"Tue, 28 Jul 2015 19:11:48 "
697,?83,Mark Nagelberg ,0.301917,9,"Sat, 25 Jul 2015 19:26:01 (-9.8d) "
698,?83,Martin Gaborit ,0.302009,5,"Fri, 17 Jul 2015 14:53:05 (-1h) "
699,?83,basvb ,0.302098,3,"Tue, 30 Jun 2015 00:40:43 "
700,new,Vladimir ,0.305015,11,"Mon, 03 Aug 2015 13:13:49 (-9.7h) "
701,new,LL ,0.308136,2,"Thu, 30 Jul 2015 00:16:48 "
702,?84,khowarizmi ,0.308778,4,"Thu, 09 Jul 2015 09:00:18 "
703,?84,anirudhaghosh ,0.309258,1,"Tue, 14 Jul 2015 05:15:09 "
704,new,Aleix Gimenez ,0.310095,6,"Sun, 02 Aug 2015 19:33:03 "
705,?205,mural net worth ,0.31064,8,"Fri, 31 Jul 2015 06:23:30 (-25.7h) "
,,,,,
706,?86,GermanLujan ,0.310652,11,"Thu, 23 Jul 2015 19:52:42 "
707,new,Tazhoo Deen (I want to PZAD) ,0.310757,10,"Sun, 02 Aug 2015 10:12:07 (-1h) "
708,?87,vikas_rtr ,0.31141,5,"Sat, 11 Jul 2015 19:19:33 "
709,new,Roman Khalkechev (I want to PZAD) ,0.312284,1,"Sat, 01 Aug 2015 15:05:17 "
710,?22,Ruthger Righart ,0.313192,29,"Fri, 31 Jul 2015 13:12:04 (-0.6h) "
711,?88,Guardian ,0.313673,14,"Wed, 15 Jul 2015 06:14:56 (-24.3h) "
712,?86,Ji Li ,0.314636,15,"Thu, 30 Jul 2015 01:47:34 "
713,?89,Python_Rocks ,0.314645,2,"Sat, 04 Jul 2015 15:26:40 (-2h) "
714,?89,RichardAyres ,0.314987,31,"Sat, 01 Aug 2015 11:51:37 (-7d) "
715,?88,Revenge of the Dodo ,0.316663,3,"Mon, 06 Jul 2015 18:18:23 "
716,?156,aaronbarzilai ,0.317414,8,"Mon, 03 Aug 2015 20:03:58 (-1h) "
717,?89,amartya18x ,0.31879,6,"Thu, 09 Jul 2015 09:05:40 (-2.6d) "
718,?89,hrududu ,0.319167,7,"Tue, 21 Jul 2015 04:18:43 "
719,?89,I_Y_C ,0.319445,3,"Mon, 13 Jul 2015 23:36:46 (-5.7d) "
720,?89,ARrrrrrr ,0.320427,6,"Sun, 02 Aug 2015 11:36:16 (-8.5d) "
721,?89,Yogesh Bhalerao ,0.320768,12,"Wed, 22 Jul 2015 06:26:59 "
722,?89,Yilun Zhang ,0.327497,1,"Wed, 08 Jul 2015 23:42:04 "
723,new,SamuelHicks ,0.328604,1,"Sat, 01 Aug 2015 12:34:23 "
724,new,RichPeña ,0.330586,13,"Mon, 03 Aug 2015 16:20:21 "
725,?91,AndrewH ,0.334526,21,"Fri, 24 Jul 2015 02:17:49 (-8d) "
726,?90,Sriram Kovil ,0.335367,6,"Tue, 30 Jun 2015 20:02:07 "
727,?90,Philip Mwagiru ,0.337196,10,"Sun, 12 Jul 2015 13:21:59 (-0.6h) "
728,?89,watszo ,0.338102,7,"Fri, 10 Jul 2015 09:34:55 (-1.3h) "
729,?32,kaksat ,0.339362,15,"Thu, 30 Jul 2015 22:29:59 "
730,new,Trial and Error ,0.339554,14,"Sun, 02 Aug 2015 16:01:46 (-17.2h) "
731,?85,mojohh ,0.339874,8,"Thu, 30 Jul 2015 20:59:45 "
732,?92,Adithya ,0.341919,9,"Mon, 06 Jul 2015 15:21:22 (-5.2d) "
733,?92,jascal ,0.343369,3,"Sun, 26 Jul 2015 23:06:27 (-1h) "
734,?92,wangy ,0.34498,2,"Fri, 24 Jul 2015 02:10:16 "
735,?92,Men at Work ,0.345534,3,"Fri, 03 Jul 2015 20:03:43 (-1h) "
736,?92,kevin patel ,0.345789,7,"Sat, 04 Jul 2015 00:31:05 "
737,?92,kudokid ,0.345889,5,"Sat, 04 Jul 2015 16:20:18 "
738,new,Patrick Ball ,0.348828,13,"Mon, 03 Aug 2015 14:30:29 (-4.8d) "
739,new,aboul ,0.349634,3,"Fri, 31 Jul 2015 21:10:56 "
740,?93,rickTheBustedKneeExRunner ,0.349927,15,"Thu, 16 Jul 2015 23:22:10 (-2.6d) "
741,?93,Terry ,0.352456,2,"Wed, 08 Jul 2015 04:42:34 "
742,?93,NimNid ,0.354181,14,"Tue, 07 Jul 2015 03:51:57 (-13.1h) "
743,?93,Aboubakeur Namous ,0.355071,2,"Wed, 01 Jul 2015 15:29:42 "
744,?93,La + ,0.355468,20,"Sun, 02 Aug 2015 23:49:23 (-12.6d) "
745,?93,RAGHAVAREDDY ,0.357688,33,"Wed, 29 Jul 2015 11:25:21 (-8.1d) "
746,?92,LLopez ,0.359582,4,"Tue, 14 Jul 2015 01:26:25 "
747,?92,dantesenior ,0.359849,21,"Mon, 03 Aug 2015 05:40:02 (-14.9d) "
748,new,Glen ,0.361103,1,"Thu, 30 Jul 2015 21:18:01 "
749,?93,Florian Muellerklein ,0.361741,10,"Thu, 02 Jul 2015 03:00:31 (-0.1h) "
750,new,claudegable ,0.363889,7,"Mon, 03 Aug 2015 21:55:07 (-3d) "
751,?94,chen3000 ,0.366095,5,"Thu, 23 Jul 2015 16:23:10 "
752,?94,JRSSKumarD ,0.366874,7,"Mon, 20 Jul 2015 21:38:23 "
753,new,athinaeos ,0.368291,6,"Tue, 04 Aug 2015 03:23:55 "
754,?95,Xu Dong ,0.368641,3,"Sun, 05 Jul 2015 12:39:12 (-28.1h) "
755,?95,beiwenwu ,0.36872,1,"Thu, 02 Jul 2015 05:19:03 "
756,?95,Manan Shah ,0.36872,1,"Thu, 02 Jul 2015 07:41:34 "
757,?95,Antonis Nikitakis ,0.36872,3,"Thu, 02 Jul 2015 13:30:03 (-4.1h) "
758,?95,El-dosuky ,0.368725,1,"Sat, 04 Jul 2015 08:15:10 "
759,?95,Donkey ,0.368774,1,"Sat, 11 Jul 2015 01:16:24 "
760,?94,Arty.Erokhin ,0.370666,8,"Fri, 31 Jul 2015 22:05:09 (-5.6d) "
761,?94,Jefey ,0.372142,1,"Mon, 13 Jul 2015 11:32:45 "
762,?94,predictomix ,0.373103,33,"Mon, 27 Jul 2015 19:56:39 (-20.8d) "
,,,,,
763,?94,Random_Insights ,0.373333,3,"Tue, 21 Jul 2015 20:21:19 "
764,?94,Melvin Jacobson ,0.37339,3,"Sun, 05 Jul 2015 13:41:22 (-1.2h) "
765,?94,inversion ,0.373509,4,"Tue, 30 Jun 2015 00:47:39 (-0.1h) "
766,?94,drouot ,0.373518,2,"Tue, 30 Jun 2015 23:10:12 "
767,?94,GalC7 ,0.373604,2,"Tue, 30 Jun 2015 06:50:11 (-0.1h) "
,,,,,
768,?94,javidali ,0.373614,5,"Sun, 05 Jul 2015 23:57:08 (-0h) "
769,?94,waronzevon ,0.373643,1,"Wed, 01 Jul 2015 03:14:22 "
770,?94,UNIT ,0.373652,2,"Wed, 01 Jul 2015 13:27:29 (-1.2h) "
771,?93,afterhours ,0.373698,7,"Wed, 01 Jul 2015 00:22:03 (-9.1h) "
772,?93,sklef ,0.373699,3,"Tue, 30 Jun 2015 12:42:50 "
773,?93,Sandeep ,0.373756,6,"Tue, 30 Jun 2015 09:33:04 (-12.2h) "
774,?93,Ming Lu ,0.373756,4,"Wed, 15 Jul 2015 12:35:33 (-14d) "
775,?93,zavior ,0.373756,5,"Tue, 30 Jun 2015 14:21:37 (-0.8h) "
776,?93,piotrek ,0.373978,1,"Mon, 29 Jun 2015 19:42:17 "
777,?93,jem24 ,0.373987,2,"Sun, 19 Jul 2015 12:28:20 "
778,?92,nitimo ,0.374172,1,"Mon, 06 Jul 2015 12:18:07 "
779,?92,SeaBreeze ,0.374341,29,"Tue, 28 Jul 2015 12:39:26 (-35.1h) "
780,?91,Elliot Dawson ,0.374792,1,"Sat, 04 Jul 2015 11:34:36 "
781,?91,Vishleshak ,0.375844,18,"Thu, 16 Jul 2015 15:04:10 (-9.2d) "
782,?91,Manuel Díaz ,0.376057,1,"Fri, 03 Jul 2015 08:11:31 "
783,?91,HulkBulk ,0.376166,8,"Sat, 04 Jul 2015 11:15:07 (-4.6d) "
784,?91,loiyumba lourembam ,0.376696,18,"Sun, 26 Jul 2015 10:15:12 (-10.9d) "
785,?91,groolyg ,0.378137,2,"Sat, 04 Jul 2015 16:15:02 (-0.4h) "
786,new,Pallen ,0.379736,6,"Tue, 04 Aug 2015 05:26:57 "
787,?92,NNSMedia ,0.379774,14,"Fri, 24 Jul 2015 02:39:30 "
788,?92,Ningping Wang ,0.379973,3,"Mon, 06 Jul 2015 19:20:55 "
789,?91,Abhishek Kumar ,0.385109,12,"Wed, 15 Jul 2015 18:34:24 (-3.9d) "
790,?91,Waxupein ,0.386378,5,"Wed, 08 Jul 2015 07:22:06 (-23.2h) "
791,?79,andromeda ,0.386824,10,"Sat, 01 Aug 2015 09:16:59 (-0.5h) "
792,?92,Titipat Achakulwisut ,0.386903,1,"Thu, 09 Jul 2015 07:52:35 "
793,?92,Jonah J ,0.386903,1,"Thu, 23 Jul 2015 01:39:48 "
794,?12,binga ,0.386903,6,"Sat, 01 Aug 2015 13:05:42 (-0.7h) "
795,?93,Eric Pasewark ,0.386903,3,"Wed, 08 Jul 2015 20:50:58 "
796,?93,ShreyasRaut ,0.386903,2,"Thu, 02 Jul 2015 05:23:12 "
797,?93,Ravi ,0.386903,2,"Mon, 06 Jul 2015 08:05:17 (-0.2h) "
798,?93,Hrishikesh Ganu ,0.386903,1,"Thu, 09 Jul 2015 03:39:04 "
799,?93,Megh ,0.386903,1,"Sat, 11 Jul 2015 18:40:04 "
800,?91,mingjerli ,0.386903,7,"Thu, 30 Jul 2015 20:13:31 "
801,new,Pritimayee Patra ,0.386903,1,"Mon, 03 Aug 2015 06:16:19 "
802,?95,Sarangam ,0.3873,2,"Sat, 04 Jul 2015 08:10:06 "
803,?95,Dancing with Data ,0.387589,4,"Fri, 17 Jul 2015 15:04:41 "
804,?94,deccs ,0.388632,1,"Wed, 01 Jul 2015 17:17:02 "
805,?94,Alex_Alex ,0.388632,1,"Thu, 02 Jul 2015 04:26:40 "
806,?94,Soumya Smruti Mishra ,0.388632,2,"Thu, 09 Jul 2015 21:54:41 "
807,?94,ili ,0.388632,1,"Sun, 19 Jul 2015 23:14:01 "
808,?93,Arge_6644 ,0.39,1,"Tue, 07 Jul 2015 10:55:42 "
809,?93,smiler ,0.393086,8,"Mon, 13 Jul 2015 14:23:12 "
810,?72,Cygnus ,0.393452,6,"Thu, 30 Jul 2015 02:00:13 "
811,?94,hroark ,0.393524,1,"Thu, 16 Jul 2015 20:55:48 "
812,?94,smota ,0.395413,19,"Mon, 13 Jul 2015 18:08:12 (-2.3d) "
813,?94,poog ,0.396096,2,"Mon, 20 Jul 2015 10:00:14 "
814,?94,A.P.B. ,0.396483,3,"Thu, 16 Jul 2015 22:59:28 "
815,?94,srebuffi ,0.396901,2,"Sun, 05 Jul 2015 17:31:59 (-24.9h) "
816,?94,Crunch Digital ,0.40085,3,"Mon, 27 Jul 2015 05:44:50 (-0.1h) "
817,?88,Adrian MacKinnon ,0.40152,8,"Fri, 31 Jul 2015 15:32:50 (-21.7h) "
818,?78,Dr. Faust ,0.40198,11,"Tue, 28 Jul 2015 23:29:01 "
819,?95,Jayendra Parmar ,0.402044,3,"Mon, 06 Jul 2015 15:01:40 (-4.2d) "
820,?95,Centipede Pipe Valuation ,0.402198,6,"Sun, 05 Jul 2015 18:37:01 (-0.3h) "
821,?95,Albert Anthony D. Gavino ,0.402282,9,"Mon, 06 Jul 2015 05:13:53 (-0.3h) "
822,?29,maiduong ,0.402468,8,"Mon, 03 Aug 2015 10:47:43 "
823,new,LeandroCoelho ,0.402569,2,"Thu, 30 Jul 2015 20:13:05 (-42.7h) "
824,?97,Martin ,0.403447,4,"Thu, 09 Jul 2015 02:39:40 (-0.3h) "
825,?97,Aravind ,0.403477,1,"Thu, 09 Jul 2015 07:19:04 "
826,?96,Noel Namai ,0.403854,5,"Fri, 24 Jul 2015 23:19:55 "
827,?96,earino ,0.403885,1,"Fri, 10 Jul 2015 22:39:15 "
828,new,stmct ,0.403922,1,"Mon, 03 Aug 2015 10:17:41 "
829,?96,Zhuoying Wang ,0.404542,4,"Mon, 06 Jul 2015 02:35:08 (-3d) "
830,?96,Vielauge ,0.404565,2,"Fri, 03 Jul 2015 10:20:10 (-0.2h) "
831,?96,REKA ,0.404722,1,"Wed, 15 Jul 2015 15:49:35 "
832,?96,Andrew Jones ,0.40567,3,"Sun, 05 Jul 2015 06:41:23 (-0.2h) "
833,?96,Rahul Agnihotri ,0.405851,1,"Fri, 03 Jul 2015 11:51:32 (-0.2h) "
834,?95,IanInTas ,0.406575,7,"Sun, 26 Jul 2015 04:15:36 (-14.1d) "
835,?94,Vishnu Jakhoria ,0.406937,1,"Sat, 04 Jul 2015 14:52:38 "
836,?93,DavidLucas ,0.408056,4,"Wed, 08 Jul 2015 15:51:32 "
837,?93,DiogoFranco ,0.408751,4,"Sun, 05 Jul 2015 22:22:30 (-0.2h) "
838,?93,Antonio Castellon ,0.409024,1,"Thu, 23 Jul 2015 10:02:09 "
839,?93,Ashish Rane ,0.409565,1,"Mon, 03 Aug 2015 07:43:07 (-27.9d) "
840,new,Amith ,0.410261,10,"Mon, 03 Aug 2015 01:24:35 (-32.4h) "
841,?94,jcanso ,0.414523,3,"Wed, 01 Jul 2015 18:11:01 "
842,?94,LeptokurticFall ,0.416014,10,"Sat, 04 Jul 2015 01:36:17 "
843,?94,DTang ,0.416226,3,"Mon, 27 Jul 2015 04:12:43 (-1.3h) "
844,new,Vytautas Mickevi?ius ,0.421115,11,"Mon, 03 Aug 2015 19:38:01 "
845,?95,Alejandro Gallego ,0.424281,1,"Tue, 30 Jun 2015 04:50:36 "
846,?86,Mariano Beiró ,0.424863,5,"Thu, 30 Jul 2015 13:32:01 "
847,?96,amitozp ,0.428484,11,"Thu, 02 Jul 2015 21:04:27 (-1.9h) "
848,?96,Tim Janssen ,0.429154,1,"Thu, 02 Jul 2015 14:30:23 "
849,?96,returnreturn ,0.432511,7,"Mon, 13 Jul 2015 20:11:45 "
850,?96,Vikram ,0.434815,3,"Fri, 03 Jul 2015 08:52:09 "
851,?96,Mike Bernico ,0.43491,3,"Tue, 14 Jul 2015 13:19:24 (-2.6d) "
852,?96,KushKhurana ,0.437386,2,"Sun, 19 Jul 2015 11:23:40 "
853,?96,Parapaule ,0.442425,2,"Fri, 17 Jul 2015 12:31:39 (-0.3h) "
854,?96,Telcontar120 ,0.442742,6,"Thu, 02 Jul 2015 15:57:19 "
855,?96,Tony PERKINS ,0.442778,2,"Mon, 27 Jul 2015 02:09:38 (-0.4h) "
856,new,piby4 ,0.446294,3,"Fri, 31 Jul 2015 12:27:26 (-2.2h) "
857,new,louisnan ,0.450051,2,"Tue, 28 Jul 2015 11:39:44 "
858,?35,Shiv P ,0.450811,18,"Fri, 31 Jul 2015 05:15:23 (-18h) "
859,?98,Amazing ,0.451739,1,"Wed, 15 Jul 2015 07:48:20 "
860,?98,NewtBeaut ,0.452451,1,"Tue, 07 Jul 2015 17:25:46 "
861,?98,Ganesh ,0.452523,6,"Mon, 27 Jul 2015 11:11:59 "
862,?98,Data Maniacs ,0.452652,1,"Thu, 09 Jul 2015 07:37:36 "
,,,,,
863,?98,??????? ???????? ,0.452725,2,"Tue, 30 Jun 2015 15:23:44 (-0.3h) "
864,?98,Citori ,0.45285,5,"Tue, 30 Jun 2015 02:16:35 (-1.4h) "
865,?98,KZ KZ ,0.452933,1,"Wed, 01 Jul 2015 21:05:05 "
866,?98,kanouske ,0.452948,2,"Tue, 30 Jun 2015 04:29:48 "
867,?98,Marek ,0.453193,5,"Mon, 29 Jun 2015 23:48:38 (-0.7h) "
868,?98,Francis A ,0.454203,45,"Sat, 25 Jul 2015 17:15:06 (-24d) "
869,?98,Neve ,0.459828,4,"Tue, 28 Jul 2015 17:00:57 (-7.1d) "
870,?98,nithin ,0.466838,1,"Sat, 25 Jul 2015 16:56:58 "
871,?97,Veles ,0.468808,5,"Sun, 12 Jul 2015 04:45:34 (-0.1h) "
872,?97,Suyash Baderiya ,0.474423,1,"Sun, 05 Jul 2015 18:11:50 "
873,?97,kickaha ,0.47607,5,"Fri, 03 Jul 2015 10:30:50 "
874,?97,amgmails ,0.477112,5,"Fri, 17 Jul 2015 22:57:14 "
875,?35,zeroblue ,0.477345,7,"Mon, 03 Aug 2015 23:00:06 (-6.4d) "
876,?98,AbhishekSrivastava ,0.483435,9,"Tue, 07 Jul 2015 20:16:08 (-24.4h) "
877,?98,Shengmin ,0.48648,5,"Sun, 12 Jul 2015 04:04:34 "
878,?98,James Ma ,0.487621,4,"Sun, 26 Jul 2015 00:10:07 "
879,?98,AsankaPerera ,0.487982,1,"Wed, 01 Jul 2015 16:28:29 "
880,?98,Cheemala Madhu 13MCS1013 ,0.488735,2,"Thu, 02 Jul 2015 09:45:45 (-0.7h) "
881,?98,Russ Boucher ,0.490485,1,"Wed, 01 Jul 2015 20:49:02 "
882,new,ozymandias90 ,0.491796,1,"Thu, 30 Jul 2015 03:46:13 "
883,new,squ!d ,0.492484,1,"Mon, 03 Aug 2015 06:43:01 "
884,?100,Matt McDonnell ,0.497801,5,"Fri, 03 Jul 2015 07:25:58 "
885,?100,Thomas and Chris B ,0.500048,3,"Tue, 21 Jul 2015 23:57:10 (-1.8h) "
886,?100,Vivek Singh ,0.501394,2,"Wed, 01 Jul 2015 17:37:20 "
887,?100,Bas Harenslak ,0.504311,1,"Fri, 17 Jul 2015 13:29:45 "
888,?100,Artemka B ,0.504386,1,"Wed, 15 Jul 2015 09:35:30 "
889,?100,Prasadä ,0.504386,1,"Fri, 17 Jul 2015 15:54:40 "
890,?100,Thiago Brito ,0.504386,1,"Sat, 11 Jul 2015 23:58:04 "
891,?100,FlorianBendl ,0.504386,9,"Tue, 28 Jul 2015 19:22:01 (-9d) "
892,?100,DotunOwoade ,0.504409,11,"Mon, 03 Aug 2015 19:38:32 (-10.1d) "
893,?100,rc95401 ,0.505848,17,"Thu, 23 Jul 2015 22:24:53 "
894,?100,Evan Miller ,0.506606,4,"Mon, 13 Jul 2015 06:52:46 "
895,?100,unBingo ,0.506845,16,"Sun, 02 Aug 2015 13:13:08 (-13.9d) "
896,?100,ajtm ,0.507123,1,"Sat, 25 Jul 2015 18:23:37 "
897,?100,adisor ,0.509343,2,"Wed, 22 Jul 2015 18:39:20 "
898,new,Ran Locar ,0.511098,10,"Sat, 01 Aug 2015 15:36:40 (-4.6h) "
899,?101,JustinGwak ,0.513025,1,"Tue, 07 Jul 2015 02:00:36 "
900,?91,GonZi ,0.513499,6,"Tue, 28 Jul 2015 12:07:09 "
901,?102,breman27 ,0.514715,1,"Sun, 12 Jul 2015 23:15:52 "
902,?100,tgje ,0.526712,2,"Tue, 07 Jul 2015 21:58:47 "
903,?100,sy ,0.530705,3,"Fri, 17 Jul 2015 00:15:48 "
904,new,Andrew Grinenko ,0.534016,1,"Tue, 04 Aug 2015 00:43:53 "
905,?100,macoutouly ,0.534283,1,"Wed, 08 Jul 2015 15:29:06 "
906,?99,MarkHeiler ,0.538057,2,"Wed, 15 Jul 2015 15:14:29 "
907,?99,Matt Downs ,0.541197,4,"Mon, 13 Jul 2015 01:45:07 "
908,?98,Predict ,0.544401,1,"Thu, 09 Jul 2015 09:58:08 "
909,?98,ManOfStats ,0.548202,7,"Mon, 13 Jul 2015 13:14:15 (-4.1d) "
910,?98,brycelen ,0.554316,1,"Tue, 30 Jun 2015 17:55:07 "
911,?98,Henry Eltrut ,0.556113,2,"Sat, 04 Jul 2015 17:53:00 (-3.1d) "
912,?98,Tobias Wolfanger ,0.557052,1,"Thu, 16 Jul 2015 20:22:52 "
913,?98,dgea ,0.560543,3,"Wed, 08 Jul 2015 10:30:29 (-0.4h) "
914,?98,Srimal Paris ,0.562267,3,"Thu, 02 Jul 2015 14:56:16 "
915,?98,ACF - RAF ,0.566425,4,"Mon, 06 Jul 2015 13:29:53 "
916,new,Ram ,0.567362,1,"Wed, 29 Jul 2015 15:46:11 "
917,?99,dilzfiesta ,0.569284,8,"Sun, 12 Jul 2015 08:00:21 (-6.2d) "
918,?99,JJXW ,0.57295,4,"Sat, 04 Jul 2015 07:35:05 "
919,?99,strugk ,0.574711,11,"Wed, 08 Jul 2015 12:19:56 (-18.4h) "
920,?99,Altazor ,0.57576,11,"Fri, 24 Jul 2015 20:11:17 (-18.3h) "
921,?99,seaem ,0.578641,6,"Sun, 05 Jul 2015 05:32:14 (-12.8h) "
922,new,SashShetty ,0.582837,6,"Sun, 02 Aug 2015 15:16:42 "
,,,,,
923,?99,Thien Tran ,0.587285,1,"Sun, 19 Jul 2015 04:46:35 "
924,?99,DerDasMachenMuss ,0.587316,3,"Fri, 17 Jul 2015 19:04:05 "
925,?99,csongor16 ,0.599087,5,"Sun, 26 Jul 2015 19:55:40 "
926,?99,Steve Bronder ,0.599246,3,"Fri, 24 Jul 2015 19:50:58 (-14.1h) "
927,?99,Brendan Kellam ,0.601245,4,"Sun, 05 Jul 2015 23:57:31 (-3.9d) "
928,?99,Orzhiang ,0.602904,4,"Sun, 19 Jul 2015 14:55:24 "
929,new,JimGoddard ,0.606743,2,"Mon, 03 Aug 2015 05:44:18 "
930,new,atulanand ,0.609027,3,"Mon, 03 Aug 2015 23:13:58 (-0.1h) "
931,?101,dapperdon ,0.609463,2,"Wed, 08 Jul 2015 02:44:57 "
932,?101,Bill Thompson ,0.61063,3,"Sat, 11 Jul 2015 09:30:57 "
933,?101,oldrolehand ,0.614193,4,"Mon, 27 Jul 2015 22:55:26 (-0.3h) "
934,?101,Zachary ,0.61483,2,"Thu, 23 Jul 2015 03:30:30 "
935,new,DuckTile ,0.616295,3,"Mon, 03 Aug 2015 05:14:50 "
936,?101,GarrieD ,0.619429,13,"Mon, 03 Aug 2015 22:33:24 (-7.3d) "
937,new,cece ,0.621945,2,"Fri, 31 Jul 2015 15:02:22 (-1.1h) "
938,?102,Abhilash Janardhanan ,0.622193,2,"Thu, 02 Jul 2015 19:44:07 "
939,?102,Projective ,0.624487,4,"Fri, 24 Jul 2015 03:29:16 (-14h) "
940,?102,Moon Rabbit ,0.627165,2,"Tue, 30 Jun 2015 01:29:13 (-0.3h) "
941,?102,A* Search ,0.63435,2,"Mon, 06 Jul 2015 00:44:39 "
942,?101,Manish Mahajan ,0.638101,2,"Fri, 17 Jul 2015 08:50:41 (-1.3h) "
943,new,Surya Murali ,0.639684,1,"Sun, 02 Aug 2015 00:12:35 "
944,?102,Abhishek Nagarjuna ,0.649764,4,"Wed, 15 Jul 2015 07:00:28 (-5.7d) "
945,?102,Dash ,0.651301,8,"Sun, 19 Jul 2015 23:43:15 (-26.5h) "
,,,,,
946,?102,ry22 ,0.654981,1,"Fri, 10 Jul 2015 13:38:29 "
947,?102,puffin ,0.674615,5,"Sun, 05 Jul 2015 17:24:43 "
948,new,MLG ,0.678067,2,"Wed, 29 Jul 2015 19:49:42 "
949,?103,mscp ,0.679086,1,"Sat, 04 Jul 2015 13:20:21 "
950,?103,NoamWeissman ,0.681286,5,"Sun, 26 Jul 2015 09:47:27 "
951,?103,-RR- ,0.691407,8,"Mon, 20 Jul 2015 02:59:05 (-18d) "
952,?103,David Reilly ,0.691407,1,"Mon, 06 Jul 2015 03:49:11 "
953,?103,Alessandro.Tortelli ,0.700251,3,"Sun, 12 Jul 2015 01:29:46 "
954,?102,Matt Van Der Hoek ,0.726357,1,"Wed, 01 Jul 2015 13:32:37 "
955,?102,rahulmj ,0.733511,5,"Fri, 24 Jul 2015 23:22:45 "
956,?102,Joerg Rings ,0.734102,1,"Fri, 03 Jul 2015 03:48:58 "
957,?102,Alliance ,0.734471,1,"Tue, 30 Jun 2015 15:22:09 "
958,?102,ChrisM ,0.737522,1,"Fri, 17 Jul 2015 12:25:25 "
959,?102,adi8791 ,0.746817,1,"Thu, 02 Jul 2015 06:15:07 "
960,?102,pprv ,0.752983,2,"Sun, 12 Jul 2015 16:08:37 (-27h) "
961,?102,hughdbrown ,0.753598,2,"Wed, 22 Jul 2015 00:39:09 "
962,?102,prao1 ,0.765803,4,"Sat, 25 Jul 2015 02:30:47 (-19.3h) "
963,?102,Michelle Ma ,0.770692,1,"Wed, 15 Jul 2015 16:00:21 "
964,new,rusbro ,0.774267,3,"Tue, 28 Jul 2015 16:51:27 "
965,?103,arpl ,0.779033,1,"Tue, 30 Jun 2015 17:15:16 "
966,?80,smeschke ,0.780096,3,"Tue, 04 Aug 2015 03:34:22 "
967,?104,Piotr Grabowski ,0.780843,3,"Mon, 13 Jul 2015 17:25:17 (-0.1h) "
968,?104,Angad Gill ,0.781795,13,"Fri, 31 Jul 2015 05:54:31 (-3d) "
969,?104,DanB ,0.784011,1,"Mon, 20 Jul 2015 22:27:52 "
970,?104,Inglourious Clasters ,0.78443,2,"Mon, 06 Jul 2015 14:13:36 "
971,?67,awilliams ,0.792195,23,"Mon, 03 Aug 2015 03:20:40 (-20.9h) "
972,?105,Ovolabean_test ,0.804236,4,"Tue, 30 Jun 2015 14:30:26 "
973,?105,RossLeedham ,0.809783,4,"Sun, 05 Jul 2015 11:01:19 "
974,?105,fugusuki ,0.81666,1,"Sat, 04 Jul 2015 06:14:52 "
975,new,jjk786 ,0.822402,2,"Sun, 02 Aug 2015 18:23:06 (-8.9h) "
976,?105,zomo ,0.826433,3,"Wed, 15 Jul 2015 17:28:26 "
977,?104,k$ ,0.826433,2,"Sun, 05 Jul 2015 19:12:45 "
,,,,,
978,?104,Michel Carroll ,0.841894,3,"Wed, 22 Jul 2015 04:24:09 "
979,?104,Raphael de Moraes Dutenkefer ,0.84952,1,"Sun, 12 Jul 2015 05:34:40 (-0.1h) "
980,?104,H Pa ,0.855202,6,"Tue, 07 Jul 2015 05:05:23 (-15.1h) "
981,?104,Christopher Ngan ,0.86267,1,"Mon, 27 Jul 2015 04:21:52 "
982,?104,Arona Niang ,0.883953,1,"Fri, 17 Jul 2015 13:46:14 "
983,?104,malr87 ,0.889781,5,"Wed, 01 Jul 2015 20:02:39 "
984,?104,Sabrina YT Chang ,0.892906,3,"Wed, 01 Jul 2015 20:25:53 "
985,?104,DhirendraTripathi ,0.908651,1,"Sat, 18 Jul 2015 10:44:38 "
986,?104,tprado ,0.908758,3,"Thu, 02 Jul 2015 16:52:46 (-2d) "
987,?104,ScottHsieh ,0.912487,1,"Tue, 30 Jun 2015 00:45:58 "
988,?104,kishore ,0.912487,1,"Sat, 04 Jul 2015 13:10:30 "
989,?104,Thomas Cuddihy ,0.91445,1,"Mon, 06 Jul 2015 10:23:34 "
990,?103,Lucila Chiarvetto Peralta ,0.925105,7,"Thu, 02 Jul 2015 00:12:29 (-3.4h) "
991,?103,XYZ ,0.925326,1,"Thu, 02 Jul 2015 04:54:49 (-0h) "
992,?103,dbrait ,0.925326,1,"Thu, 02 Jul 2015 04:58:16 "
993,?103,Michael Leung ,0.925326,1,"Sat, 04 Jul 2015 00:19:15 "
994,?103,kotturibala ,0.925326,1,"Thu, 23 Jul 2015 12:26:16 "
995,new,monica vijaywargi ,0.925326,1,"Tue, 28 Jul 2015 17:45:51 "
996,new,hadzsi ,0.925326,1,"Thu, 30 Jul 2015 11:43:19 "
997,?105,YUN IL GEUN ,0.926401,1,"Wed, 08 Jul 2015 06:00:17 "
998,?105,blackmajic ,0.927162,1,"Sun, 19 Jul 2015 03:54:41 "
999,?105,Hattiho ,0.927266,2,"Thu, 16 Jul 2015 00:09:32 (-0.2h) "
1000,?105,Kannappan Sirchabesan ,0.927277,1,"Sun, 05 Jul 2015 22:38:05 "
1001,?105,Steven Watson ,0.927277,3,"Sun, 19 Jul 2015 04:05:52 (-0.4h) "
1002,?105,Asur ,0.927277,1,"Sun, 19 Jul 2015 19:19:05 "
1003,?105,Mohammed Medhat ,0.927277,2,"Thu, 02 Jul 2015 12:13:58 "
1004,?105,jdmull ,0.927277,9,"Sat, 04 Jul 2015 21:04:09 (-0.2h) "
1005,?105,saxinmm ,0.928195,1,"Sun, 19 Jul 2015 08:13:35 (-0.2h) "
1006,?105,Epigos ,0.93327,1,"Thu, 02 Jul 2015 00:03:27 "
1007,?105,Mahalakshmi S V ,0.93327,1,"Thu, 09 Jul 2015 04:35:14 "
1008,?105,Sandene ,0.934666,1,"Fri, 17 Jul 2015 09:16:11 "
1009,new,P Kelly ,0.974635,2,"Mon, 03 Aug 2015 19:53:11 (-0h) "
1010,?105,Ansuman ,1.08944,4,"Mon, 03 Aug 2015 11:21:51 (-7d) "
1011,?105,Pretesh ,1.106328,3,"Mon, 27 Jul 2015 12:44:05 (-1.8h) "
1012,new,PrashantJain ,1.149447,1,"Fri, 31 Jul 2015 06:22:27 "
1013,?105,hikomimo ,1.160438,1,"Sun, 05 Jul 2015 10:38:43 "
1014,?105,bender ,1.167313,4,"Mon, 13 Jul 2015 11:52:54 (-10d) "
1015,?104,zacstewart ,1.241404,1,"Sat, 04 Jul 2015 19:30:47 "
1016,new,Benson ,1.285439,1,"Wed, 29 Jul 2015 03:09:22 "
1017,new,aocampor ,1.287647,3,"Mon, 03 Aug 2015 22:28:41 "
1018,?106,carysam ,1.333677,1,"Tue, 21 Jul 2015 23:06:40 "
1019,?106,Goalminer ,1.370208,5,"Wed, 01 Jul 2015 02:45:40 "
1020,?106,PioBeat ,1.77394,1,"Fri, 17 Jul 2015 14:35:36 "
1021,?106,Shubbs ,1.861676,1,"Sat, 11 Jul 2015 21:57:55 "
1022,new,MalakaGL ,1.895936,1,"Sun, 02 Aug 2015 15:34:02 "
,,All Zeros Benchmark,2.349878,,
,,,,,
,,,,,
1023,?107,Duck ,2.349878,1,"Mon, 29 Jun 2015 16:44:56 "
1024,?107,cocoknight ,2.349878,1,"Mon, 29 Jun 2015 17:13:38 "
1025,?107,Dmitry Dryomov (YSDA) ,2.349878,1,"Mon, 29 Jun 2015 17:13:41 "
1026,?107,Soumojit Kumar ,2.349878,1,"Tue, 30 Jun 2015 06:37:12 "
1027,?107,?? ? ,2.349878,1,"Tue, 30 Jun 2015 12:51:08 "
1028,?107,chreeky ,2.349878,1,"Tue, 30 Jun 2015 19:43:52 "
1029,?107,Vikram Jha ,2.349878,1,"Wed, 01 Jul 2015 00:39:04 "
1030,?107,azneye ,2.349878,1,"Wed, 01 Jul 2015 04:16:49 "
1031,?107,James Dale ,2.349878,1,"Wed, 01 Jul 2015 07:44:23 "
1032,?106,data-science ,2.349878,1,"Wed, 01 Jul 2015 23:58:48 "
1033,?106,ultron ,2.349878,1,"Fri, 03 Jul 2015 11:23:56 "
1034,?105,Cornspierre ,2.349878,1,"Mon, 06 Jul 2015 14:50:16 "
1035,?105,Christopher Thompson ,2.349878,1,"Tue, 07 Jul 2015 00:19:59 "
1036,?105,MANOJKUMAR PARMAR ,2.349878,1,"Tue, 07 Jul 2015 10:13:49 "
1037,?105,Artem (I want to PZAD) ,2.349878,1,"Tue, 07 Jul 2015 17:04:48 "
1038,?105,mnrl ,2.349878,1,"Wed, 08 Jul 2015 00:42:09 "
1039,?105,David Hiemenga ,2.349878,1,"Wed, 08 Jul 2015 19:16:21 "
1040,?105,Firhat Nawfan Hilmanda ,2.349878,1,"Fri, 10 Jul 2015 07:39:33 "
1041,?105,Nilesh Kadam ,2.349878,1,"Tue, 14 Jul 2015 18:30:26 "
1042,?105,Byron Wall ,2.349878,1,"Wed, 15 Jul 2015 00:53:39 "
1043,?105,Yogurt ,2.349878,1,"Thu, 16 Jul 2015 22:37:34 "
1044,?105,GKHI ,2.349878,1,"Fri, 17 Jul 2015 14:17:28 "
1045,?105,Naveen Sundaresan ,2.349878,1,"Mon, 20 Jul 2015 07:18:59 "
1046,?105,Michel Blaauw ,2.349878,1,"Mon, 20 Jul 2015 14:13:17 "
1047,?105,?? ? ,2.349878,1,"Fri, 24 Jul 2015 16:06:22 "
1048,?105,Mania Yang ,2.349878,1,"Sat, 25 Jul 2015 20:07:20 "
1049,?105,nlrcmani ,2.349878,1,"Sun, 26 Jul 2015 07:10:08 "
1050,new,Inder ,2.349878,1,"Tue, 28 Jul 2015 17:59:37 "
1051,new,Yan Yan ,2.91136,1,"Sat, 01 Aug 2015 23:48:33 "
1052,?107,Kyle Olson ,3.352038,3,"Mon, 06 Jul 2015 19:31:46 (-0.2h) "
1053,?107,Sam C ,18.337582,1,"Sun, 12 Jul 2015 01:00:05 "
